대지위치,시군구코드,법정동코드,대지구분코드,번,지,관리건축물대장PK,대장구분코드,대장구분코드명,대장종류코드,대장종류코드명,신구대장구분코드,신구대장구분코드명,도로명대지위치,건물명,특수지명,블록,로트,외필지수,새주소도로코드,새주소법정동코드,새주소지상지하코드,새주소본번,새주소부번,대지면적(㎡),건축면적(㎡),건폐율(%),연면적(㎡),용적률산정연면적(㎡),용적률(%),주용도코드,주용도코드명,기타용도,세대수(세대),가구수(가구),주건축물수,부속건축물수,부속건축물면적(㎡),총주차수,옥내기계식대수(대),옥내기계식면적(㎡),옥외기계식대수(대),옥외기계식면적(㎡),옥내자주식대수(대),옥내자주식면적(㎡),옥외자주식대수(대),옥외자주식면적(㎡),허가일,착공일,사용승인일,허가번호년,허가번호기관코드,허가번호기관코드명,허가번호구분코드,허가번호구분코드명,호수(호),에너지효율등급,에너지절감률,EPI점수,친환경건축물등급,친환경건축물인증점수,지능형건축물등급,지능형건축물인증점수,생성일자
경기도 수원시 팔달구 팔달로1가 74번지,41115,12000,0,0074,0000,10841167374,1,일반,1,총괄표제부,1,신대장,경기도 수원시 팔달구 정조로801번길 10 (팔달로1가),,,,,0,411154328282,12001,0,10,0,325,224.34,69.03,755.85,656.48,200.76,15000,숙박시설,"숙박시설, 근린생활시설, 주택",0,1,2,0,0,1,0,0,0,0,1,11.5,0,0,19781216,,19790723,,,,,,0,,0,0,,0,,0,20220909
경기도 수원시 팔달구 팔달로1가 86번지,41115,12000,0,0086,0000,10841167340,1,일반,1,총괄표제부,1,신대장,경기도 수원시 팔달구 정조로805번길 7 (팔달로1가),,,,,0,411154328283,12001,0,7,0,0,178.95,0,387.32,345.47,0,03000,제1종근린생활시설,"주택, 근린생활시설",0,1,2,0,0,0,0,0,0,0,0,0,0,0,19770310,,19770913,,,,,,0,,0,0,,0,,0,20220909
경기도 수원시 팔달구 팔달로2가 103-2번지,41115,12100,0,0103,0002,10841100425011,1,일반,1,총괄표제부,1,신대장,경기도 수원시 팔달구 정조로795번길 12 (팔달로2가),,,,,0,411154328279,12101,0,12,0,0,0,0,232.49,232.49,0,01000,단독주택,주택및여관,0,1,2,0,0,0,0,0,0,0,0,0,0,0,,,,,,,,,0,,0,0,,0,,0,20220909
경기도 수원시 팔달구 팔달로2가 109-1번지,41115,12100,0,0109,0001,10841167102,1,일반,1,총괄표제부,1,신대장,경기도 수원시 팔달구 정조로791번길 10 (팔달로2가),,,,,0,411154328278,12101,0,10,0,504,238.85,47.39,337.45,337.45,66.95,04000,제2종근린생활시설,"제2종근린생활시설, 단독주택",0,1,2,0,0,2,0,0,0,0,0,0,2,23,,,,,,,,,0,,0,0,,0,,0,20220909
경기도 수원시 팔달구 팔달로3가 116번지,41115,12200,0,0116,0000,10841100224585,1,일반,1,총괄표제부,1,신대장,경기도 수원시 팔달구 행궁로 68 (팔달로3가),팔달사,,,,0,411153176017,12202,0,68,,3632,828.26,22.8,989.79,637.03,17.54,06000,종교시설,종교시설(사찰),0,0,10,0,0,7,0,0,0,0,0,0,7,112.7,20080602,20080617,20090303,,,,,,0,,0,0,,0,,0,20220909
경기도 수원시 팔달구 남창동 14번지,41115,12300,0,0014,0000,10841100199985,1,일반,1,총괄표제부,1,신대장,경기도 수원시 팔달구 행궁로 11 (남창동),,,,,1,411153176017,12303,0,11,,1717,1092.195,63.61,4637.43,2942.62,171.38,05000,문화및집회시설,"문화및집회시설, 숙박시설, 근린생활시설",0,0,2,0,0,40,0,0,0,0,0,0,40,460,,,,,,,,,0,,0,0,,0,,0,20220909
경기도 수원시 팔달구 남창동 24-1번지,41115,12300,0,0024,0001,10841167254,1,일반,1,총괄표제부,0,구대장,경기도 수원시 팔달구 정조로801번길 30 (남창동),,,,,1,411154328282,12303,0,30,0,390,144.4,37.03,164.4,164.4,42.15,01000,단독주택,"주택, 근린생활시설",0,3,3,0,0,0,0,0,0,0,0,0,0,0,,,,,,,,,0,,0,0,,0,,0,20220909
경기도 수원시 팔달구 남창동 55-14번지,41115,12300,0,0055,0014,10841167091,1,일반,1,총괄표제부,0,구대장,경기도 수원시 팔달구 행궁로26번길 10-16 (남창동),용궁빌라,,,,0,411154328414,12301,0,10,16,317,160.34,50.58,639.44,479.58,151.29,01000,단독주택,단독주택,16,16,2,0,0,16,0,0,0,0,0,0,0,0,,,,,,,,,0,,0,0,,0,,0,20220909
경기도 수원시 팔달구 남창동 99-1번지,41115,12300,0,0099,0001,10841100427041,1,일반,1,총괄표제부,1,신대장,,,,,,0,,,0,11,5,1166,207.94,0,333.96,0,0,01000,단독주택,"주택,창고",0,1,2,0,0,0,0,0,0,0,0,0,0,0,,,,,,,,,0,,0,0,,0,,0,20220909
경기도 수원시 팔달구 남창동 126번지,41115,12300,0,0126,0000,10841100312313,1,일반,1,총괄표제부,1,신대장,,남창초등학교,,,,4,,,0,,,8571,1543.81,18.01,4037.77,3987.37,46.52,10000,교육연구시설,교육연구시설,0,0,4,1,2.8,20,0,0,0,0,0,0,20,264.5,,,19960314,,,,,,0,,0,0,,0,,0,20220909
경기도 수원시 팔달구 영동 8번지,41115,12400,0,0008,0000,10841167255,1,일반,1,총괄표제부,0,구대장,경기도 수원시 팔달구 수원천로255번길 6 (영동),영동시장,,,,1,411154328207,12401,0,6,,0,5834.71,0,20990.42,20296.21,0,07000,판매시설,"판매시설, 근린생활시설, 문화및집회시설, 운동시설, 위락시설, 주차장, 주택",0,0,2,0,0,0,0,0,0,0,0,0,0,0,,,,,,,,,0,,0,0,,0,,0,20220909
경기도 수원시 팔달구 남수동 27-1번지,41115,12700,0,0027,0001,10841100340634,2,집합,1,총괄표제부,1,신대장,,네오빌,,,,0,,,0,0,0,925,651.26,70.41,1999.88,1999.88,216.2,02000,공동주택,"도시형생활주택 단지형 연립주택 및 다세대주택, 업무시설",24,0,2,0,0,28,0,0,0,0,0,0,28,318.4,20150624,20150629,20160201,2015,3770030,건축과,1101,1101,4,,0,0,,0,,0,20220909
경기도 수원시 팔달구 남수동 80-4번지,41115,12700,0,0080,0004,10841100469257,1,일반,1,총괄표제부,1,신대장,경기도 수원시 팔달구 수원천로316번길 4-7 (남수동),,,,,0,411154328210,12701,0,4,7,288,119.34,41.4375,119.34,119.34,41.4375,03000,제1종근린생활시설,근린생활시설(휴게음식점),0,0,2,0,0,0,0,0,0,0,0,0,0,0,,,,,,,,,0,,0,0,,0,,0,20220909
경기도 수원시 팔달구 남수동 92-1번지,41115,12700,0,0092,0001,10841167256,1,일반,1,총괄표제부,0,구대장,경기도 수원시 팔달구 수원천로 300 (남수동),포교당,,,,0,411153175035,12704,0,300,,3626,1295.75,35.735,4627.46,2906.16,80.15,06000,종교시설,종교시설,0,0,4,0,0,36,0,0,0,0,0,0,37,0,,,,,,,,,0,,0,0,,0,,0,20240613
경기도 수원시 팔달구 남수동 95-5번지,41115,12700,0,0095,0005,10841167253,1,일반,1,총괄표제부,1,신대장,경기도 수원시 팔달구 수원천로 292 (남수동),,,,,0,411153175035,12704,0,292,0,645,453.81,70.36,516.86,516.86,80.13,03000,제1종근린생활시설,"근린생활시설,단독주택",0,2,2,0,0,4,0,0,4,46,0,0,0,0,,,,,,,,,0,,0,0,,0,,0,20220909
경기도 수원시 팔달구 남수동 130-10번지,41115,12700,0,0130,0010,10841167103,1,일반,1,총괄표제부,0,구대장,경기도 수원시 팔달구 창룡대로8번길 5 (남수동),,,,,0,411154328344,12702,0,5,0,189.1,143.8,76.04,227.77,227.77,120.45,04000,제2종근린생활시설,"제2종근린생활시설,단독주택",0,1,2,0,0,0,0,0,0,0,0,0,0,0,,,,,,,,,0,,0,0,,0,,0,20220909
경기도 수원시 팔달구 매향동 3-32번지,41115,12800,0,0003,0032,10841100176856,1,일반,1,총괄표제부,1,신대장,경기도 수원시 팔달구 창룡대로 105 (매향동),연무정,,,,0,411152012001,12803,0,105,,3834,279.69,7.29,469.13,377.69,9.85,04000,제2종근린생활시설,근린생활시설,0,0,3,0,0,0,0,0,0,0,0,0,0,0,,,,,,,,,0,,0,0,,0,,0,20220909
경기도 수원시 팔달구 매향동 8-1번지,41115,12800,0,0008,0001,10841167106,1,일반,1,총괄표제부,1,신대장,경기도 수원시 팔달구 창룡대로103번길 60 (매향동),연무국민학교,,,,3,411154328328,12801,0,60,0,16989,3642.83,21.442286,8610.39,7923.33,46.638001,10000,교육연구시설,교육연구시설,0,0,3,3,99.26,43,0,0,0,0,0,0,39,0,,,,,,,,,0,,0,0,,0,,0,20220909
경기도 수원시 팔달구 매향동 8-22번지,41115,12800,0,0008,0022,10841167107,1,일반,1,총괄표제부,0,구대장,경기도 수원시 팔달구 창룡대로103번길 70-2 (매향동),,,,,0,411154328328,12801,0,70,2,152,84.3,55.46,128.94,128.94,84.83,01000,단독주택,"주택, 근린생활시설",0,3,2,0,0,0,0,0,0,0,0,0,0,0,,,,,,,,,0,,0,0,,0,,0,20220909
경기도 수원시 팔달구 매향동 10-22번지,41115,12800,0,0010,0022,10841167372,1,일반,1,총괄표제부,1,신대장,경기도 수원시 팔달구 수원천로 342 (매향동),학교법인 삼일학원,,,,12,411153175035,12805,0,342,0,43828.8,14160.05,32.307637,42317.62,40021.25,91.312675,Z8000,교육연구및복지시설,교육연구시설,0,0,23,2,550.06,208,0,0,0,0,0,0,208,0,,,,,,,,,0,,0,0,,0,,0,20220909
경기도 수원시 팔달구 매향동 11-8번지,41115,12800,0,0011,0008,10841167092,1,일반,1,총괄표제부,1,신대장,경기도 수원시 팔달구 창룡대로103번길 108-9 (매향동),,,,,0,411154328328,12801,0,108,9,434,251.42,57.93,765.75,765.75,176.44,01000,단독주택,단독주택,0,19,2,0,0,8,0,0,0,0,8,225.3,0,0,20030730,20030814,20031210,2003,3770030,건축과,1101,1101,0,,0,0,,0,,0,20220909
경기도 수원시 팔달구 매향동 11-29번지,41115,12800,0,0011,0029,10841167108,1,일반,1,총괄표제부,0,구대장,경기도 수원시 팔달구 창룡대로103번길 108-10 (매향동),,,,,0,411154328328,12801,0,108,10,431,178.2,41.35,377.4,263.92,61.23,01000,단독주택,주택,0,5,2,1,1,0,0,0,0,0,0,0,0,0,,,,,,,,,0,,0,0,,0,,0,20220909
경기도 수원시 팔달구 매향동 49번지,41115,12800,0,0049,0000,10841100305150,1,일반,1,총괄표제부,1,신대장,,,,,,2,,,0,,,21023,5090.37,24.21,18519.86,11310.24,53.8,14000,업무시설,,0,0,2,1,9.51,217,0,0,0,0,120,0,97,0,,,,,,,,,0,1,0,0,1,0,,0,20250207
경기도 수원시 팔달구 매향동 110-2번지,41115,12800,0,0110,0002,10841167109,1,일반,1,총괄표제부,1,신대장,경기도 수원시 팔달구 수원천로 350 (매향동),학교법인 매향학원,,,,0,411153175035,12805,0,350,0,18226,5742.21,31.52,19936.41,19029.82,104.41,10000,교육연구시설,교육연구시설,0,0,15,0,0,37,0,0,0,0,0,0,37,425.5,,,,,,,,,0,,0,0,,0,,0,20250426
경기도 수원시 팔달구 매향동 122-75번지,41115,12800,0,0122,0075,10841167111,2,집합,1,총괄표제부,0,구대장,경기도 수원시 팔달구 창룡대로 57-1 (매향동),매향타운,,,,1,411152012001,12803,0,57,1,741,250.19,33.76,894.58,686.16,120.73,02000,공동주택,다세대주택,13,0,2,0,0,9,0,0,0,0,0,0,9,103.5,,,,,,,,,0,,0,0,,0,,0,20220909
경기도 수원시 팔달구 북수동 26-5번지,41115,12900,0,0026,0005,10841100174803,1,일반,1,총괄표제부,1,신대장,경기도 수원시 팔달구 정조로886번길 27-1 (북수동),,,,,1,411154328292,12901,0,27,1,258,155.67,60.34,155.67,155.67,60.34,04000,제2종근린생활시설,"단독주택, 근린생활시설",0,1,3,0,0,0,0,0,0,0,0,0,0,0,,,,,,,,,0,,0,0,,0,,0,20220909
경기도 수원시 팔달구 북수동 38-3번지,41115,12900,0,0038,0003,10841167295,1,일반,1,총괄표제부,0,구대장,경기도 수원시 팔달구 수원천로 371-7 (북수동),,,,,0,411153175035,12906,0,371,7,102,44.9,44.02,44.9,44.9,44.02,01000,단독주택,단독주택,0,2,2,0,0,0,0,0,0,0,0,0,0,0,,,,,,,,,0,,0,0,,0,,0,20220909
경기도 수원시 팔달구 북수동 48번지,41115,12900,0,0048,0000,10841100232514,1,일반,1,총괄표제부,1,신대장,,북수동 480000 (김순기),,,,0,,,,,,264,212.41,80.46,432.27,389.36,147.49,03000,제1종근린생활시설,"제1종근린생활시설(소매점),단독주택",0,3,2,0,0,3,0,0,0,0,3,42.91,0,0,,,,,,,,,0,,0,0,,0,,0,20230822
경기도 수원시 팔달구 북수동 61번지,41115,12900,0,0061,0000,10841167296,1,일반,1,총괄표제부,0,구대장,경기도 수원시 팔달구 화서문로75번길 15 (북수동),,,,,0,411154328439,12901,0,15,0,0,73.92,67.82,73.92,73.92,67.82,01000,단독주택,"주택, 점포",0,1,2,0,0,0,0,0,0,0,0,0,0,0,,,,,,,,,0,,0,0,,0,,0,20220909
경기도 수원시 팔달구 북수동 96번지,41115,12900,0,0096,0000,10841167297,1,일반,1,총괄표제부,0,구대장,,,,,,0,,,0,,,236.94,174.41,73.61,235.39,235.39,99.35,01000,단독주택,주택,0,2,2,0,0,0,0,0,0,0,0,0,0,0,,,,,,,,,0,,0,0,,0,,0,20220909
경기도 수원시 팔달구 북수동 103-3번지,41115,12900,0,0103,0003,10841167298,1,일반,1,총괄표제부,0,구대장,경기도 수원시 팔달구 화서문로71번길 20-3 (북수동),,,,,0,411154328437,12901,0,20,3,215,83.34,38.76,83.34,83.34,38.76,01000,단독주택,주택,0,2,2,0,0,0,0,0,0,0,0,0,0,0,,,,,,,,,0,,0,0,,0,,0,20220909
경기도 수원시 팔달구 북수동 113번지,41115,12900,0,0113,0000,10841167299,1,일반,1,총괄표제부,0,구대장,경기도 수원시 팔달구 정조로900번길 25 (북수동),,,,,0,411154328294,12901,0,25,0,512,145.58,28.43,218.66,197.5,38.57,01000,단독주택,단독주택,0,2,2,0,0,0,0,0,0,0,0,0,0,0,,,,,,,,,0,,0,0,,0,,0,20220909
경기도 수원시 팔달구 북수동 155-4번지,41115,12900,0,0155,0004,10841167300,1,일반,1,총괄표제부,0,구대장,경기도 수원시 팔달구 화서문로71번길 17 (북수동),,,,,0,411154328437,12901,0,17,0,0,89.91,0,89.91,89.91,0,04000,제2종근린생활시설,근린생활시설,0,0,2,0,0,0,0,0,0,0,0,0,0,0,,,,,,,,,0,,0,0,,0,,0,20220909
경기도 수원시 팔달구 북수동 199-2번지,41115,12900,0,0199,0002,10841167301,1,일반,1,총괄표제부,0,구대장,경기도 수원시 팔달구 정조로860번길 2-15 (북수동),,,,,0,411154328289,12901,0,2,15,218,109.09,50.04,109.09,109.09,50.04,03000,제1종근린생활시설,"단독주택, 근린생활시설",0,1,2,0,0,0,0,0,0,0,0,0,0,0,,,,,,,,,0,,0,0,,0,,0,20220909
경기도 수원시 팔달구 북수동 225번지,41115,12900,0,0225,0000,10841167303,1,일반,1,총괄표제부,0,구대장,경기도 수원시 팔달구 정조로 866-2 (북수동),,,,,0,411153012006,12906,0,866,2,0,100.6,0,144.67,144.67,0,04000,제2종근린생활시설,"근린생활시설, 주택",0,1,2,0,0,0,0,0,0,0,0,0,0,0,,,,,,,,,0,,0,0,,0,,0,20220909
경기도 수원시 팔달구 북수동 231-3번지,41115,12900,0,0231,0003,10841167304,1,일반,1,총괄표제부,0,구대장,경기도 수원시 팔달구 화서문로 76-1 (북수동),,,,,0,411153174017,12901,0,76,1,281,176.18,62.7,382.29,341.27,121.45,03000,제1종근린생활시설,근린생활시설,0,0,2,0,0,0,0,0,0,0,0,0,0,0,,,,,,,,,0,,0,0,,0,,0,20240429
경기도 수원시 팔달구 북수동 250-1번지,41115,12900,0,0250,0001,10841100469431,1,일반,1,총괄표제부,1,신대장,경기도 수원시 팔달구 정조로860번길 19-5 (북수동),,,,,0,411154328289,12901,0,19,5,354,145.02,40.97,145.02,145.02,40.97,04000,제2종근린생활시설,근린생활시설,0,0,3,0,0,0,0,0,0,0,0,0,0,0,,,,,,,,,0,,0,0,,0,,0,20220909
경기도 수원시 팔달구 북수동 295번지,41115,12900,0,0295,0000,10841167308,1,일반,1,총괄표제부,0,구대장,경기도 수원시 팔달구 창룡대로7번길 22 (북수동),,,,,0,411154328342,12901,0,22,0,95,74.98,78.93,74.98,74.98,78.93,04000,제2종근린생활시설,근린생활시설,0,0,2,0,0,0,0,0,0,0,0,0,0,0,,,,,,,,,2,,0,0,,0,,0,20220909
경기도 수원시 팔달구 북수동 311-9번지,41115,12900,0,0311,0009,10841167309,1,일반,1,총괄표제부,0,구대장,경기도 수원시 팔달구 창룡대로 7 (북수동),,,,,0,411152012001,12904,0,7,0,0,457.28,0,457.28,457.28,0,03000,제1종근린생활시설,근린생활시설,0,0,2,0,0,0,0,0,0,0,0,0,0,0,,,,,,,,,0,,0,0,,0,,0,20220909
경기도 수원시 팔달구 북수동 316번지,41115,12900,0,0316,0000,10841167310,1,일반,1,총괄표제부,1,신대장,경기도 수원시 팔달구 정조로 842 (북수동),북수동성당,,,,0,411153012006,12906,0,842,,5967,2139.83,35.86,5298.64,4838.27,81.08,06000,종교시설,종교시설,0,0,7,0,0,16,0,0,0,0,0,0,6,0,,,,,,,,,0,,0,0,,0,,0,20250508
경기도 수원시 팔달구 북수동 333-1번지,41115,12900,0,0333,0001,10841167312,1,일반,1,총괄표제부,0,구대장,경기도 수원시 팔달구 정조로850번길 7 (북수동),,,,,0,411154328288,12901,0,7,0,0,76.63,0,76.63,76.63,0,03000,제1종근린생활시설,근린생활시설,0,0,2,0,0,0,0,0,0,0,0,0,0,0,,,,,,,,,0,,0,0,,0,,0,20220909
경기도 수원시 팔달구 북수동 368-1번지,41115,12900,0,0368,0001,10841100473711,1,일반,1,총괄표제부,1,신대장,,종교시설 (재단법인기독교대한감리회유지재단),,,,4,,,0,,,1294,881.06,68.09,2436.39,1991.6,153.91,06000,종교시설,"교회,휴게음식점",0,0,2,0,0,12,0,0,0,0,12,133.02,0,0,20200713,20200831,20210915,2020,3740282,건축과,1102,1102,0,,0,0,,0,,0,20220909
경기도 수원시 팔달구 북수동 368-1번지,41115,12900,0,0368,0001,10841100473714,1,일반,1,총괄표제부,1,신대장,,종교시설 (재단법인기독교대한감리회유지재단),,,,4,,,0,,,1294,881.06,68.09,2436.39,1991.6,153.91,06000,종교시설,"교회,휴게음식점",0,0,2,0,0,12,0,0,0,0,12,133.02,0,0,20200713,20200831,20210915,2020,3740282,건축과,1102,1102,0,,0,0,,0,,0,20220909
경기도 수원시 팔달구 신풍동 36-1번지,41115,13000,0,0036,0001,10841167328,1,일반,1,총괄표제부,0,구대장,경기도 수원시 팔달구 신풍로45번길 6 (신풍동),,,,,0,411154328214,13001,0,6,0,437,120.85,27.65,193.95,177.45,40.61,01000,단독주택,단독주택,0,2,2,2,5.49,0,0,0,0,0,0,0,0,0,,,,,,,,,0,,0,0,,0,,0,20220909
경기도 수원시 팔달구 신풍동 111번지,41115,13000,0,0111,0000,10841167335,2,집합,1,총괄표제부,0,구대장,경기도 수원시 팔달구 화서문로 26-14 (신풍동),신풍연립,,,,0,411153174017,13002,0,26,14,0,492.3,0,1247.25,984.6,0,02000,공동주택,연립주택,18,0,3,0,0,0,0,0,0,0,0,0,0,0,,,,,,,,,0,,0,0,,0,,0,20220909
경기도 수원시 팔달구 신풍동 144번지,41115,13000,0,0144,0000,10841167341,1,일반,1,총괄표제부,1,신대장,경기도 수원시 팔달구 신풍로45번길 15 (신풍동),,,,,0,411154328214,13001,0,15,0,0,35.24,0,43.5,43.5,0,01000,단독주택,단독주택,0,2,2,0,0,0,0,0,0,0,0,0,0,0,,,19351020,,,,,,0,,0,0,,0,,0,20220909
경기도 수원시 팔달구 신풍동 153-3번지,41115,13000,0,0153,0003,10841167330,1,일반,1,총괄표제부,0,구대장,경기도 수원시 팔달구 신풍로 43-1 (신풍동),,,,,0,411153176008,13001,0,43,1,257,150.71,58.64,318.26,286.67,115.54,01000,단독주택,"단독주택, 근린생활시설",0,0,2,0,0,0,0,0,0,0,0,0,0,0,,,,,,,,,0,,0,0,,0,,0,20220909
경기도 수원시 팔달구 신풍동 173-3번지,41115,13000,0,0173,0003,10841167331,1,일반,1,총괄표제부,1,신대장,경기도 수원시 팔달구 신풍로 37 (신풍동),,,,,0,411153176008,13001,0,37,0,380,78.75,20.72,102.62,102.62,27.01,03000,제1종근린생활시설,"근린생활시설, 단독주택",0,2,2,0,0,0,0,0,0,0,0,0,0,0,,,,,,,,,0,,0,0,,0,,0,20220909
경기도 수원시 팔달구 신풍동 220번지,41115,13000,0,0220,0000,10841167336,2,집합,1,총괄표제부,0,구대장,경기도 수원시 팔달구 정조로861번길 5-12 (신풍동),대림빌라,,,,0,411154328290,13001,0,5,12,343,175.9,51.28,515.82,339.92,99.1,02000,공동주택,다세대주택,9,0,2,0,0,0,0,0,0,0,0,0,0,0,,,,,,,,,0,,0,0,,0,,0,20220909
경기도 수원시 팔달구 신풍동 221-1번지,41115,13000,0,0221,0001,1000000000000006721321,1,일반,1,총괄표제부,1,신대장,경기도 수원시 팔달구 신풍로 34 (신풍동),코닥미니샷월드 화성행궁점,,,,0,411153176008,13001,0,34,,488,188.27,38.58,311.72,273.98,56.14,03000,제1종근린생활시설,소매점,0,0,2,0,0,0,0,0,0,0,0,0,0,0,20241112,20250509,20251113,2024,3770030,건축과,1107,1107,0,,0,0,,0,,0,20251209
경기도 수원시 팔달구 장안동 2-6번지,41115,13100,0,0002,0006,10841167313,1,일반,1,총괄표제부,1,신대장,경기도 수원시 팔달구 정조로 901 (장안동),,,,,0,411153012006,13108,0,901,0,3811,963.6,25.28,2065.26,1842.58,48.35,14000,업무시설,"업무시설, 근린생활시설",0,0,2,0,0,0,0,0,0,0,0,0,0,0,,,,,,,,,0,,0,0,,0,,0,20220909
경기도 수원시 팔달구 장안동 11-3번지,41115,13100,0,0011,0003,10841100385271,1,일반,1,총괄표제부,1,신대장,,,,,,15,,,0,0,0,3036,900.77,29.67,1112.94,999.77,32.93,05000,문화및집회시설,,0,0,3,0,0,0,0,0,0,0,0,0,0,0,,,,,,,,,0,,0,0,,0,,0,20220909
경기도 수원시 팔달구 장안동 22-4번지,41115,13100,0,0022,0004,10841167315,1,일반,1,총괄표제부,1,신대장,경기도 수원시 팔달구 정조로905번길 19 (장안동),,,,,0,411154328295,13101,0,19,0,486,148.81,30.62,207.07,207.07,42.61,01000,단독주택,"단독주택, 근린생활시설",0,2,2,0,0,2,0,0,0,0,0,0,2,23,,,,,,,,,0,,0,0,,0,,0,20220909
경기도 수원시 팔달구 장안동 33-1번지,41115,13100,0,0033,0001,10841100385272,1,일반,1,총괄표제부,1,신대장,,,,,,10,,,0,0,0,2904,802.76,27.64,855.82,855.82,29.47,05000,문화및집회시설,문화및집회시설,0,0,2,0,0,0,0,0,0,0,0,0,0,0,,,,,,,,,0,,0,0,,0,,0,20220909
경기도 수원시 팔달구 장안동 75-1번지,41115,13100,0,0075,0001,10841167318,1,일반,1,총괄표제부,0,구대장,경기도 수원시 팔달구 화서문로 63 (장안동),,,,,0,411153174017,13103,0,63,0,195,78.84,40.43,78.84,78.84,40.43,01000,단독주택,"단독주택, 근린생활시설",0,1,2,0,0,0,0,0,0,0,0,0,0,0,,,,,,,,,0,,0,0,,0,,0,20220909
경기도 수원시 팔달구 장안동 78-6번지,41115,13100,0,0078,0006,10841167319,1,일반,1,총괄표제부,0,구대장,,,,,,0,,,0,,,0,108.63,0,108.63,108.63,0,01000,단독주택,"근린생활시설, 단독주택",0,1,2,0,0,0,0,0,0,0,0,0,0,0,,,,,,,,,0,,0,0,,0,,0,20220909
경기도 수원시 팔달구 장안동 90-8번지,41115,13100,0,0090,0008,10841167320,1,일반,1,총괄표제부,0,구대장,,,,,,0,,,0,,,176,114.28,64.93,226.94,210.05,119.35,04000,제2종근린생활시설,근린생활시설,0,0,2,0,0,0,0,0,0,0,0,0,0,0,,,,,,,,,0,,0,0,,0,,0,20220909
경기도 수원시 팔달구 장안동 102번지,41115,13100,0,0102,0000,10841167321,1,일반,1,총괄표제부,1,신대장,,,,,,0,,,0,,,0,89.25,0,89.25,89.25,0,01000,단독주택,단독주택,0,3,3,0,0,0,0,0,0,0,0,0,0,0,,,,,,,,,0,,0,0,,0,,0,20220909
경기도 수원시 팔달구 장안동 125-1번지,41115,13100,0,0125,0001,10841167323,1,일반,1,총괄표제부,1,신대장,경기도 수원시 팔달구 화서문로41번길 7 (장안동),,,,,0,411154328431,13101,0,7,,139,74.45,53.56,74.45,74.45,53.56,04000,제2종근린생활시설,제2종근린생활시설(일반음식점),0,2,2,0,0,0,0,0,0,0,0,0,0,0,,,,,,,,,0,,0,0,,0,,0,20250507
경기도 수원시 팔달구 장안동 140-1번지,41115,13100,0,0140,0001,10841167325,1,일반,1,총괄표제부,0,구대장,,장안빌라,,,,1,,,0,,,416.6,221.71,53.22,588.39,588.39,141.24,01000,단독주택,단독(다가구)주택,0,14,2,0,0,5,0,0,0,0,1,17.68,4,46,,,,,,,,,0,,0,0,,0,,0,20220909
경기도 수원시 팔달구 장안동 273-1번지,41115,13100,0,0273,0001,10841167326,1,일반,1,총괄표제부,0,구대장,경기도 수원시 팔달구 화서문로 49 (장안동),,,,,0,411153174017,13103,0,49,0,153,90.31,59.03,174.08,140.69,91.95,01000,단독주택,"주택, 근린생활시설",0,1,2,1,0.99,0,0,0,0,0,0,0,0,0,,,,,,,,,0,,0,0,,0,,0,20220909
경기도 수원시 팔달구 장안동 322-25번지,41115,13100,0,0322,0025,10841100355019,1,일반,1,총괄표제부,1,신대장,,화서문 앞 공공한옥,,,,0,,,0,,,960,243.22,25.34,270.76,270.76,28.2,05000,문화및집회시설,"관광휴게시설, 근린생활시설, 문화 및 집회시설",0,0,0,0,0,0,0,0,0,0,0,0,0,0,,,,,,,,,0,,0,0,,0,,0,20220909
경기도 수원시 팔달구 교동 11-7번지,41115,13200,0,0011,0007,10841167212,2,집합,1,총괄표제부,0,구대장,경기도 수원시 팔달구 향교로 141-18 (교동),동창빌라,,,,0,411153176018,13202,0,141,18,371,175.86,47.4,703.44,527.58,142.2,02000,공동주택,다세대주택,16,0,2,0,0,0,0,0,0,0,0,0,0,0,,,,,,,,,0,,0,0,,0,,0,20220909
경기도 수원시 팔달구 교동 11-8번지,41115,13200,0,0011,0008,10841100347220,2,집합,1,총괄표제부,1,신대장,,롯데캐슬,,,,0,,,0,0,0,788,442.68,56.18,1980.05,1110.46,140.92,02000,공동주택,도시형생활주택 단지형다세대,23,0,2,0,0,22,0,0,0,0,22,249.4,0,0,20151026,20151109,20160624,2015,3770030,건축과,1101,1101,0,,0,0,,0,,0,20220909
경기도 수원시 팔달구 교동 11-12번지,41115,13200,0,0011,0012,10841100354060,2,집합,1,총괄표제부,1,신대장,,레오하이츠빌,,,,0,,,0,,,627,428.66,68.37,1592.01,1592.01,253.91,02000,공동주택,"공동주택, 업무시설",16,0,2,0,0,19,0,0,0,0,19,370.94,0,0,20150727,20150921,20161007,2015,3770030,건축과,1101,1101,0,,0,0,,0,,0,20220909
경기도 수원시 팔달구 교동 74-1번지,41115,13200,0,0074,0001,10841167357,1,일반,1,총괄표제부,1,신대장,경기도 수원시 팔달구 매산로 119 (교동),수원시가족여성회관,,,,0,411153176007,13203,0,119,,3276,1112.17,33.94,2587.59,2486.79,75.91,14000,업무시설,공공업무시설,0,0,3,0,0,40,0,0,0,0,0,0,40,460,,,,,,,,,0,,0,0,,0,,0,20220909
경기도 수원시 팔달구 교동 174-3번지,41115,13200,0,0174,0003,10841167290,1,일반,1,총괄표제부,1,신대장,경기도 수원시 팔달구 효원로55번길 21 (교동),,,,,0,411154861785,13202,0,21,0,3220,625.84,19.44,1641.77,1572.11,48.82,10000,교육연구시설,교육연구및복지시설,0,0,2,0,0,8,0,0,0,0,0,0,8,92,19630805,,19631110,,,,,,0,,0,0,,0,,0,20220909
경기도 수원시 팔달구 교동 산3-1번지,41115,13200,1,0003,0001,10841167214,1,일반,1,총괄표제부,1,신대장,경기도 수원시 팔달구 팔달산로 318 (교동),,,,,0,411153176016,13202,0,318,0,0,0,0,0,0,0,,,,0,0,0,0,0,0,0,0,0,0,0,0,0,0,,,,,,,,,0,,0,0,,0,,0,20220909
경기도 수원시 팔달구 매교동 4-1번지,41115,13300,0,0004,0001,10841167225,1,일반,1,총괄표제부,0,구대장,경기도 수원시 팔달구 정조로 717 (매교동),"1,2동",,,,1,411153012006,13309,0,717,0,848,564.76,66.6,3000.88,2341.55,276.13,14000,업무시설,업무시설,0,0,3,0,0,14,0,0,0,0,12,336,2,23,,,,,,,,,0,,0,0,,0,,0,20220909
경기도 수원시 팔달구 매교동 30번지,41115,13300,0,0030,0000,10841167227,1,일반,1,총괄표제부,1,신대장,,,,,,0,,,0,,,0,64.05,0,64.05,64.05,0,01000,단독주택,단독주택,0,3,3,0,0,0,0,0,0,0,0,0,0,0,,,,,,,,,0,,0,0,,0,,0,20220909
경기도 수원시 팔달구 매교동 51-2번지,41115,13300,0,0051,0002,10841167369,1,일반,1,총괄표제부,1,신대장,경기도 수원시 팔달구 정조로709번길 11 (매교동),.,,,,0,411154328268,13301,0,11,0,86,66.98,77.88,133.96,133.96,155.77,03000,제1종근린생활시설,제1종근린생활시설,0,0,1,0,0,0,0,0,0,0,0,0,0,0,20040330,20051020,20051205,2004,3770030,건축과,1103,1103,0,,0,0,,0,,0,20220909
경기도 수원시 팔달구 매교동 82번지,41115,13300,0,0082,0000,10841167228,1,일반,1,총괄표제부,1,신대장,경기도 수원시 팔달구 매산로116번길 55 (매교동),,,,,0,411154328144,13302,0,55,0,274,196.8,71.82,410.51,410.51,149.82,01000,단독주택,"근린생활시설, 단독주택",0,1,2,0,0,1,0,0,0,0,0,0,1,11.5,,,,,,,,,0,,0,0,,0,,0,20220909
경기도 수원시 팔달구 매교동 142-1번지,41115,13300,0,0142,0001,10841167097,2,집합,1,총괄표제부,1,신대장,경기도 수원시 팔달구 정조로 687 (매교동),"연향예스빌아파트, 상가",,,,0,411153012006,13309,0,687,0,2031.2,760.7131,37.4514,12070.2173,9496.7881,467.5456,02000,공동주택,"공동주택, 근린생활시설",112,0,2,0,0,79,0,0,0,0,54,621,25,302.5,20020313,20020430,20040420,2002,9760030,,1101,1101,0,,0,0,,0,,0,20220909
경기도 수원시 팔달구 매교동 153-5번지,41115,13300,0,0153,0005,10841167155,1,일반,1,총괄표제부,0,구대장,경기도 수원시 팔달구 수원천로 168-1 (매교동),이화직물,,,,0,411153175035,13307,0,168,1,756,395.39,52.3,395.39,395.39,52.3,04000,제2종근린생활시설,제2종근린생활시설,0,0,5,0,0,1,0,0,0,0,0,0,1,11.5,,,,,,,,,0,,0,0,,0,,0,20220909
경기도 수원시 팔달구 매교동 171-4번지,41115,13300,0,0171,0004,10841167100,1,일반,1,총괄표제부,0,구대장,경기도 수원시 팔달구 정조로 617-6 (매교동),,,,,0,411153012006,13309,0,617,6,496,111.15,22.29,111.15,110.55,22.29,01000,단독주택,주택,0,2,2,0,0,0,0,0,0,0,0,0,0,0,,,,,,,,,0,,0,0,,0,,0,20220909
경기도 수원시 팔달구 매교동 251번지,41115,13300,0,0251,0000,10841167361,1,일반,1,총괄표제부,1,신대장,경기도 수원시 팔달구 정조로 666-10 (매교동),수원중/고등학교,,,,0,411153012006,13309,0,666,10,16194,1574.48,9.72,6956.37,6725.52,41.53,10000,교육연구시설,교육연구및복지시설,0,0,2,0,0,23,0,0,0,0,0,0,23,264.5,19970106,19970224,19980406,,,,,,0,,0,0,,0,,0,20220909
경기도 수원시 팔달구 매교동 292번지,41115,13300,0,0292,0000,1000000000000001886986,2,집합,1,총괄표제부,1,신대장,경기도 수원시 팔달구 효원로93번길 33 (매교동),힐스테이트 푸르지오 수원,,,,1,411154328476,13302,0,33,0,103960.4,24153.7,23.23,375852.09,233573.57,224.68,02000,공동주택,공동주택(아파트),2586,0,38,22,141571.16,3307,0,0,0,0,3307,130520.58,0,0,20151231,20191212,20230525,2015,,,5810,5810,28,1,130,67.43,4,56.6,,0,20230825
경기도 수원시 팔달구 매교동 300번지,41115,13300,0,0300,0000,1000000000000002354637,2,집합,1,총괄표제부,1,신대장,경기도 수원시 팔달구 인계로 20 (매교동),매교역푸르지오SK VIEW,,,,0,411153176010,13301,0,20,0,164447,34595.63,21.04,533066.63,362438.34,220.4,02000,공동주택,공동주택(아파트),3603,0,55,12,169274.01,4743,0,0,0,0,4743,158952.06,0,0,20160629,20191230,20230907,2016,,,5810,5810,58,1,98.8,72,4,0,,0,20230915
경기도 수원시 팔달구 매교동 676번지,41115,13300,0,0676,0000,1000000000000006785800,1,일반,1,총괄표제부,1,신대장,경기도 수원시 팔달구 정조로 676 (매교동),매교초등학교,,,,0,411153012006,13309,0,676,0,13700,4403.59,32.142992,15741.2,15267.49,111.44153,10000,교육연구시설,,0,0,4,0,0,79,0,0,0,0,0,0,74,851,20230803,20230814,20250225,,3770030,건축과,1101,1101,0,5,73.7,0,4,0,,0,20251205
경기도 수원시 팔달구 매산로1가 19-9번지,41115,13400,0,0019,0009,10841100345361,1,일반,1,총괄표제부,1,신대장,,,,,,1,,,0,,,7810.7,806.13,10.3208,2517.72,2078.35,26.609,15000,숙박시설,"근린생활시설,업무시설",0,0,2,0,0,23,0,0,0,0,0,0,23,291.5,,,,,,,,,0,,0,0,,0,,0,20250319
경기도 수원시 팔달구 매산로1가 43-4번지,41115,13400,0,0043,0004,10841167126,2,집합,1,총괄표제부,0,구대장,,,,,,0,,,0,,,426,341.43,80.15,485.96,485.96,114.08,Z3000,근린생활시설,근린생활시설,0,0,2,0,0,0,0,0,0,0,0,0,0,0,,,,,,,,,0,,0,0,,0,,0,20220909
경기도 수원시 팔달구 매산로2가 13-18번지,41115,13500,0,0013,0018,1000000000000002083143,1,일반,1,총괄표제부,1,신대장,경기도 수원시 팔달구 갓매산로52번길 22 (매산로2가),,,,,0,411154328006,13501,0,22,,0,339.37,0,545.72,493.79,0,19000,위험물저장및처리시설,위험물판매취급소,0,1,2,0,0,0,0,0,0,0,0,0,0,0,19760922,,19780502,,,,,,0,,0,0,,0,,0,20230717
경기도 수원시 팔달구 매산로2가 61-2번지,41115,13500,0,0061,0002,10841167127,1,일반,1,총괄표제부,0,구대장,경기도 수원시 팔달구 매산로 40 (매산로2가),,,,,4,411153176007,13505,0,40,0,1707,313.27,18.35,434.74,398.77,23.36,04000,제2종근린생활시설,위험물처리시설 및 근린생활시설,0,0,2,3,50.7,3,0,0,0,0,0,0,3,34.5,,,,,,,,,0,,0,0,,0,,0,20220909
경기도 수원시 팔달구 매산로2가 62-11번지,41115,13500,0,0062,0011,10841167094,1,일반,1,총괄표제부,1,신대장,경기도 수원시 팔달구 매산로46번길 9 (매산로2가),,,,,0,411154328151,13501,0,9,0,753,249.35,33.11,249.35,271.45,36.05,04000,제2종근린생활시설,"세차장,일반음식점",0,0,2,2,22.1,2,0,0,0,0,0,0,2,23,19970908,19970922,19971114,2003,9750028,,1202,1202,0,,0,0,,0,,0,20220909
경기도 수원시 팔달구 매산로2가 65-5번지,41115,13500,0,0065,0005,10841100226277,1,일반,1,총괄표제부,1,신대장,경기도 수원시 팔달구 매산로 32 (매산로2가),,,,,1,411153176007,13505,0,32,,1669,649.48,38.91,1666.63,1666.63,99.86,03000,제1종근린생활시설,근린생활시설,0,0,2,0,0,14,0,0,0,0,0,0,14,171,,,,,,,,,0,,0,0,,0,,0,20220909
경기도 수원시 팔달구 매산로2가 90번지,41115,13500,0,0090,0000,10841167376,2,집합,1,총괄표제부,0,구대장,경기도 수원시 팔달구 권선로 477 (매산로2가),대한대우아파트,,,,1,411153175010,13501,0,477,,75750.8,20123.38,26.57,212766.84,152911.22,201.86,02000,공동주택,공동주택(아파트),1293,0,31,26,50421.61,1844,0,0,0,0,1391,48876.58,453,5209.5,,,,,,,,,0,,0,0,,0,,0,20220909
경기도 수원시 팔달구 매산로3가 1-1번지,41115,13600,0,0001,0001,10841167278,1,일반,1,총괄표제부,1,신대장,경기도 수원시 팔달구 효원로 1 (매산로3가),경기도청,,,,1,411153176021,13603,0,1,,65900,18347.76,27.84,57207.19,53136.6,80.63,14000,업무시설,업무시설(공공),0,0,15,1,52.98,957,0,0,0,0,145,0,812,0,,,,,,,,,0,,0,0,,0,,0,20250916
경기도 수원시 팔달구 매산로3가 13번지,41115,13600,0,0013,0000,10841100214157,1,일반,1,총괄표제부,1,신대장,경기도 수원시 팔달구 향교로 93 (매산로3가),매산초등학교,,,,3,411153176018,13605,0,93,,24965,4522.69,18.12,11133.04,11099.29,44.46,Z8000,교육연구및복지시설,교육연구및복지시설,0,0,4,1,48,47,0,0,0,0,0,0,47,0,,,,,,,,,0,,0,0,,0,,0,20230710
경기도 수원시 팔달구 매산로3가 16-27번지,41115,13600,0,0016,0027,10841167124,2,집합,1,총괄표제부,1,신대장,경기도 수원시 팔달구 효원로 25 (매산로3가),,,,,0,411153176021,13603,0,25,0,0,320.52,0,1177.26,961.56,0,02000,공동주택,공동주택,18,0,2,0,0,0,0,0,0,0,0,0,0,0,,,,,,,,,0,,0,0,,0,,0,20220909
경기도 수원시 팔달구 매산로3가 69-2번지,41115,13600,0,0069,0002,10841167114,1,일반,1,총괄표제부,0,구대장,경기도 수원시 팔달구 매산로92번길 8 (매산로3가),,,,,0,411154861787,13601,0,8,,266,190.2,71.5,347.75,327.75,123.21,15000,숙박시설,"근린생활시설, 여관, 주택",0,2,2,0,0,0,0,0,0,0,0,0,0,0,,,,,,,,,0,,0,0,,0,,0,20220909
경기도 수원시 팔달구 매산로3가 82-8번지,41115,13600,0,0082,0008,10841100347743,1,일반,1,총괄표제부,1,신대장,,,,,,0,,,0,0,0,209,120.25,57.54,274.09,184.99,88.51,01000,단독주택,,0,7,2,0,0,1,0,0,0,0,1,18.22,0,0,,,,,,,,,0,,0,0,,0,,0,20220909
경기도 수원시 팔달구 매산로3가 95-9번지,41115,13600,0,0095,0009,10841167125,2,집합,1,총괄표제부,1,신대장,경기도 수원시 팔달구 세류로75번길 35 (매산로3가),,,,,0,411154328157,13601,0,35,0,0,415.74,0,1543.38,1119.18,0,03000,제1종근린생활시설,제1종근린생활시설,17,0,2,0,0,0,0,0,0,0,0,0,0,0,,,,,,,,,0,,0,0,,0,,0,20220909
경기도 수원시 팔달구 매산로3가 111-43번지,41115,13600,0,0111,0043,10841167122,1,일반,1,총괄표제부,0,구대장,경기도 수원시 팔달구 세류로61번길 10-4 (매산로3가),,,,,0,411154325332,13602,0,10,4,195,73.67,37.78,73.67,73.67,37.78,01000,단독주택,주택,0,2,2,0,0,0,0,0,0,0,0,0,0,0,,,,,,,,,0,,0,0,,0,,0,20220909
경기도 수원시 팔달구 매산로3가 126-6번지,41115,13600,0,0126,0006,10841167123,1,일반,1,총괄표제부,0,구대장,경기도 수원시 팔달구 고화로14번길 15 (매산로3가),,,,,0,411154328067,13601,0,15,0,535.3,97,18.12,97,97,18.12,03000,제1종근린생활시설,"제1종근린생활시설, 제2종근린생활시설",0,0,2,0,0,0,0,0,0,0,0,0,0,0,,,,,,,,,0,,0,0,,0,,0,20220909
경기도 수원시 팔달구 고등동 3-5번지,41115,13700,0,0003,0005,10841100348600,2,집합,1,총괄표제부,1,신대장,,성원타운,,,,0,,,0,,,799.7,443.58,55.47,1379.14,1379.14,172.46,02000,공동주택,"공동주택, 근린생활시설",24,0,2,0,0,23,0,0,0,0,15,171,8,92,20151221,20151229,20160728,2015,3770030,건축과,1101,1101,0,,0,0,,0,,0,20220909
경기도 수원시 팔달구 고등동 4-1번지,41115,13700,0,0004,0001,10841100348420,2,집합,1,총괄표제부,1,신대장,,가온빌,,,,0,,,0,0,0,846.9,416.32,49.16,1394.53,1394.53,164.66,02000,공동주택,"공동주택, 제2종근린생활시설",24,0,2,0,0,24,0,0,0,0,14,157.4,10,115,20151119,20151123,20160720,2015,3770030,건축과,1101,1101,0,,0,0,,0,,0,20220909
경기도 수원시 팔달구 고등동 4-4번지,41115,13700,0,0004,0004,10841167257,2,집합,1,총괄표제부,0,구대장,경기도 수원시 팔달구 고화로 95-1 (고등동),청암빌라,,,,0,411153176003,13703,0,95,1,439.5,202.88,46.16,974.37,772.77,175.83,02000,공동주택,공동주택,19,0,2,0,0,0,0,0,0,0,0,0,0,0,,,,,,,,,0,,0,0,,0,,0,20220909
경기도 수원시 팔달구 고등동 4-15번지,41115,13700,0,0004,0015,10841167258,2,집합,1,총괄표제부,0,구대장,경기도 수원시 팔달구 동말로106번길 13 (고등동),은행빌라,,,,1,411154328126,13701,0,13,0,430.8,195.2,45.31,780.8,585.6,135.93,02000,공동주택,공동주택,16,0,2,0,0,0,0,0,0,0,0,0,0,0,,,,,,,,,0,,0,0,,0,,0,20220909
경기도 수원시 팔달구 고등동 4-19번지,41115,13700,0,0004,0019,10841167259,2,집합,1,총괄표제부,1,신대장,경기도 수원시 팔달구 고화로 95 (고등동),청암빌라,,,,0,411153176003,13703,0,95,0,346.9,202.88,58.4837,974.37,772.77,222.7644,02000,공동주택,공동주택,19,0,2,0,0,0,0,0,0,0,0,0,0,0,,,,,,,,,0,,0,0,,0,,0,20220909
경기도 수원시 팔달구 고등동 4-22번지,41115,13700,0,0004,0022,10841100349517,2,집합,1,총괄표제부,1,신대장,,뉴환희빌,,,,0,,,0,0,0,820.5,404.48,49.3,1318.32,1318.32,160.67,02000,공동주택,공동주택,24,0,2,0,0,23,0,0,0,0,10,115,13,150.2,20151221,20160122,20160824,2015,3770030,건축과,1101,1101,0,,0,0,,0,,0,20220909
경기도 수원시 팔달구 고등동 19-1번지,41115,13700,0,0019,0001,10840101100251,1,일반,1,총괄표제부,0,구대장,경기도 수원시 팔달구 고등로59번길 72 (고등동),수원여자고등학교,,,,3,411154328047,13701,0,72,,30262,5528.68,18.26,17284.92,17045.79,56.33,Z8000,교육연구및복지시설,교육연구및복지시설,0,0,21,0,0,68,0,0,0,0,0,0,68,782,,,,,,,,,0,,0,0,,0,,0,20230421
경기도 수원시 팔달구 고등동 30-1번지,41115,13700,0,0030,0001,10841100423733,2,집합,1,총괄표제부,1,신대장,경기도 수원시 팔달구 고화로52번길 9-15 (고등동),화성리츠빌,,,,0,411154328075,13701,0,9,15,751.1,444.96,59.24,1319.76,1319.16,175.63,02000,공동주택,공동주택(도시형생활주택(단지형_다세대),24,0,2,0,0,24,0,0,0,0,24,265.2,0,0,,,20190208,,,,,,0,,0,0,,0,,0,20220909
경기도 수원시 팔달구 고등동 36-20번지,41115,13700,0,0036,0020,10841167260,2,집합,1,총괄표제부,1,신대장,경기도 수원시 팔달구 고등로 91 (고등동),,,,,0,411153176001,13701,0,91,,0,540.04,0,1080.08,1080.08,0,02000,공동주택,공동주택,16,0,4,0,0,0,0,0,0,0,0,0,0,0,,,,,,,,,0,,0,0,,0,,0,20220909
경기도 수원시 팔달구 고등동 42-106번지,41115,13700,0,0042,0106,10841167096,2,집합,1,총괄표제부,1,신대장,경기도 수원시 팔달구 팔달산로 89-21 (고등동),원평스위트빌,,,,2,411153176016,13704,0,89,21,2824.9,1026.36,36.33,10236.32,3546.31,125.54,03000,제1종근린생활시설,"공동주택,연립주택/근린생활시설",18,0,2,0,0,75,0,0,0,0,47,1656.58,28,0,20010926,20020601,20040326,2001,,,1101,1101,8,,0,0,,0,,0,20220909
경기도 수원시 팔달구 고등동 42-141번지,41115,13700,0,0042,0141,10841100293427,2,집합,1,총괄표제부,1,신대장,,해맑음빌리지,,,,0,,,0,0,0,1006,416.29,41.38,1318.96,1318.96,131.11,02000,공동주택,공동주택(다세대주택),24,0,2,0,0,24,0,0,0,0,9,376.36,15,163.9,20130516,20130611,20131218,2013,3770030,건축과,1101,1101,0,,0,0,,0,,0,20220909
경기도 수원시 팔달구 고등동 49-18번지,41115,13700,0,0049,0018,10841167206,1,일반,1,총괄표제부,0,구대장,경기도 수원시 팔달구 고화로61번길 22-78 (고등동),,,,,0,411154328076,13701,0,22,78,192.1,108.5,56.48,299.51,199.76,103.99,01000,단독주택,"주택, 제2종근린생활시설",0,1,2,0,0,0,0,0,0,0,0,0,0,0,,,,,,,,,0,,0,0,,0,,0,20220909
경기도 수원시 팔달구 고등동 61-77번지,41115,13700,0,0061,0077,10841100227752,1,일반,1,총괄표제부,1,신대장,경기도 수원시 팔달구 효원로12번길 5 (고등동),,,,,0,411154328454,13701,0,5,0,464,167.85,36.17,332.73,281.25,60.61,01000,단독주택,"주택, 근린생활시설",0,0,2,1,1.21,0,0,0,0,0,0,0,0,0,,,,,,,,,0,,0,0,,0,,0,20220909
경기도 수원시 팔달구 고등동 61-155번지,41115,13700,0,0061,0155,10841100345880,2,집합,1,총괄표제부,1,신대장,,준 엘리시아,,,,0,,,0,,,1108,425.2,38.37,1318.06,1318.06,118.96,02000,공동주택,공동주택(도시형생활주택),24,0,2,0,0,23,0,0,0,0,0,0,23,260.9,20151016,20151027,20160609,2015,3770030,건축과,1101,1101,0,,0,0,,0,,0,20220909
경기도 수원시 팔달구 고등동 63-13번지,41115,13700,0,0063,0013,10841167208,1,일반,1,총괄표제부,0,구대장,경기도 수원시 팔달구 고화로 32-1 (고등동),,,,,0,411153176003,13703,0,32,1,155,92.56,59.72,92.56,92.56,59.72,01000,단독주택,"주택, 소매점",0,0,2,2,6.25,0,0,0,0,0,0,0,0,0,,,,,,,,,0,,0,0,,0,,0,20220909
경기도 수원시 팔달구 고등동 70-23번지,41115,13700,0,0070,0023,10841100309921,1,일반,1,총괄표제부,1,신대장,,,,,,1,,,0,0,0,141,59.9,42.48,59.9,59.9,42.48,01000,단독주택,단독주택(다가구주택-2가구),0,2,2,0,0,0,0,0,0,0,0,0,0,0,,,,,,,,,0,,0,0,,0,,0,20220909
경기도 수원시 팔달구 고등동 73-34번지,41115,13700,0,0073,0034,10841100225980,1,일반,1,총괄표제부,1,신대장,경기도 수원시 팔달구 고화로25번길 19 (고등동),,,,,0,411154328070,13701,0,19,,0,112.25,0,200.9,151.31,0,,,,0,0,0,0,0,0,0,0,0,0,0,0,0,0,,,,,,,,,0,,0,0,,0,,0,20220909
경기도 수원시 팔달구 고등동 97-13번지,41115,13700,0,0097,0013,10841167209,1,일반,1,총괄표제부,0,구대장,경기도 수원시 팔달구 팔달로42번길 26 (고등동),,,,,0,411154328372,13701,0,26,0,278,153.69,55.28,205.26,193.36,69.55,01000,단독주택,주택,0,2,2,0,0,0,0,0,0,0,0,0,0,0,,,,,,,,,0,,0,0,,0,,0,20220909
경기도 수원시 팔달구 고등동 272-50번지,41115,13700,0,0272,0050,10841100458091,2,집합,1,총괄표제부,1,신대장,경기도 수원시 팔달구 고등로 8 (고등동),수원고등 LH 2단지,,,,0,411153176001,13701,0,8,0,8200,2347.91,28.63,33174.89,22565.57,275.19,02000,공동주택,공동주택(아파트) 및 부대복리시설,500,0,3,13,11385.63,352,0,0,0,0,352,9985.08,0,0,20081127,20180530,20210115,,,,,,3,1+,95.1,0,4,54.55,,0,20220909
경기도 수원시 팔달구 고등동 300-4번지,41115,13700,0,0300,0004,10841100203293,1,일반,1,총괄표제부,1,신대장,경기도 수원시 팔달구 갓매산로 80 (고등동),,,,,0,411153175001,13704,0,80,,338.8,192.27,56.75,211.58,192.27,56.75,03000,제1종근린생활시설,"근린생활시설, 주택",0,1,2,0,0,0,0,0,0,0,0,0,0,0,,,,,,,,,0,,0,0,,0,,0,20220909
경기도 수원시 팔달구 고등동 310번지,41115,13700,0,0310,0000,10841100458711,2,집합,1,총괄표제부,1,신대장,경기도 수원시 팔달구 고등로 15 (고등동),수원역푸르지오자이,,,,0,411153176001,13701,0,15,0,201487.7,36473.98,18.11,571410.66,399083.23,198.16,02000,공동주택,공동주택(아파트),4086,0,48,24,169897.26,5193,0,0,0,0,5150,155599.74,17,212.5,20081127,20190117,20210129,,,,,,63,1,106.5,0,4,0,,0,20240313
경기도 수원시 팔달구 고등동 321번지,41115,13700,0,0321,0000,10841100482711,2,집합,1,총괄표제부,1,신대장,경기도 수원시 팔달구 고등로 13 (고등동),수원역푸르지오더스마트,,,,0,411153176001,13701,0,13,,14220.7,3627.0617,25.51,45058.9618,29812.9451,209.64,02000,공동주택,"공동주택(아파트), 근린생활시설",285,0,6,10,14659.9418,411,0,0,0,0,400,13452.6452,11,0,20190828,20200504,20220503,2019,3740403,공동주택과,2301,2301,0,,0,0,,0,,0,20220909
경기도 수원시 팔달구 화서동 5번지,41115,13800,0,0005,0000,10841100217145,1,일반,1,총괄표제부,1,신대장,경기도 수원시 팔달구 수성로244번길 37-52 (화서동),수원제일중학교,,,,0,411154322141,13801,0,37,52,21557,4564.63,21.17,10368.05,10105.1,46.88,10000,교육연구시설,교육연구시설,0,0,7,1,54.75,52,0,0,0,0,0,0,52,598,,,,,,,,,0,,0,0,,0,,0,20220909
경기도 수원시 팔달구 화서동 7-10번지,41115,13800,0,0007,0010,10841167365,1,일반,1,총괄표제부,1,신대장,경기도 수원시 팔달구 장안로7번길 49 (화서동),학교법인영복학원,,,,9,411154322287,13801,0,49,0,41906,5971.99,14.25,19647.66,19320.9,46.11,10000,교육연구시설,교육연구시설,0,0,6,1,11.4,0,0,0,0,0,0,0,94,1081,,,,,,,,,0,,0,0,,0,,0,20220909
경기도 수원시 팔달구 화서동 11-11번지,41115,13800,0,0011,0011,10841167233,2,집합,1,총괄표제부,0,구대장,경기도 수원시 팔달구 장안로5번길 45 (화서동),화서 성원상떼빌,,,,0,411154322282,13801,0,45,,19257,4393.67,22.82,46061.84,45843.73,238.06,02000,공동주택,"공동주택(아파트), 생활편익시설",508,0,8,9,17112.79,1313,0,0,0,0,390,16077.82,134,0,,,,,,,,,0,,0,0,,0,,0,20220909
경기도 수원시 팔달구 화서동 11-41번지,41115,13800,0,0011,0041,10841167234,2,집합,1,총괄표제부,0,구대장,경기도 수원시 팔달구 팔달로165번길 39 (화서동),벽산아파트,,,,0,411154328366,13801,0,39,,0,2207.99,0,26638.829,23787.98,0,02000,공동주택,"아파트, 근린생활시설",238,0,4,3,658.143,0,0,0,0,0,0,0,0,0,,,,,,,,,0,,0,0,,0,,0,20220909
경기도 수원시 팔달구 화서동 37-2번지,41115,13800,0,0037,0002,10841167235,2,집합,1,총괄표제부,0,구대장,경기도 수원시 팔달구 팔달로183번길 25-8 (화서동),우창빌라,,,,0,411154328368,13801,0,25,8,0,264.3,0,986.89,725.55,0,02000,공동주택,다세대주택,19,0,3,0,0,0,0,0,0,0,0,0,0,0,,,,,,,,,0,,0,0,,0,,0,20220909
경기도 수원시 팔달구 화서동 41-4번지,41115,13800,0,0041,0004,10841167099,1,일반,1,총괄표제부,1,신대장,경기도 수원시 팔달구 팔달로173번길 25-5 (화서동),동광원,,,,1,411154328367,13801,0,25,5,2993.7,979.28,32.71,1900.79,1755.35,58.63,11000,노유자시설,교육연구 및 복지시설,0,0,3,0,0,9,0,0,0,0,0,0,9,103.5,,,,,,,,,0,,0,0,,0,,0,20220909
경기도 수원시 팔달구 화서동 43-7번지,41115,13800,0,0043,0007,10841167191,1,일반,1,총괄표제부,1,신대장,경기도 수원시 팔달구 팔달로 168 (화서동),"도지사 공관, 경기도청 어린이집",,,,0,411153176014,13803,0,168,,9225,1746.8,18.94,2712.13,2346.06,25.431544,11000,노유자시설,"단독주택(공관), 노유자시설, 제2종근린생활시설",0,1,4,5,137.85,18,0,0,0,0,0,0,22,0,,20140715,20150226,2014,3770030,건축과,5100,5100,0,,0,0,,0,,0,20220909
경기도 수원시 팔달구 화서동 43-10번지,41115,13800,0,0043,0010,10841167236,2,집합,1,총괄표제부,0,구대장,경기도 수원시 팔달구 팔달로165번길 19 (화서동),삼성맨션,,,,0,411154328366,13801,0,19,0,443,262.46,59.25,1022.36,1022.36,230.78,02000,공동주택,공동(다세대)주택,12,0,2,0,0,10,0,0,0,0,10,255.59,0,0,,,,,,,,,0,,0,0,,0,,0,20220909
경기도 수원시 팔달구 화서동 43-14번지,41115,13800,0,0043,0014,10841167192,1,일반,1,총괄표제부,0,구대장,경기도 수원시 팔달구 팔달로165번길 18 (화서동),,,,,1,411154328366,13801,0,18,0,321.8,190.7,59.26,241.58,224.41,69.74,01000,단독주택,"단독주택, 근린생활시설",0,1,2,1,5.26,0,0,0,0,0,0,0,0,0,,,,,,,,,0,,0,0,,0,,0,20220909
경기도 수원시 팔달구 화서동 56-1번지,41115,13800,0,0056,0001,10841167237,2,집합,1,총괄표제부,0,구대장,,금호빌라,,,,0,,,0,,,367.5,171.3,46.41,657.12,492.84,134.11,02000,공동주택,다세대주택,16,0,2,0,0,0,0,0,0,0,0,0,0,0,,,,,,,,,0,,0,0,,0,,0,20220909
경기도 수원시 팔달구 화서동 56-6번지,41115,13800,0,0056,0006,10841100352962,2,집합,1,총괄표제부,1,신대장,,,,,,0,,,0,,,707,422.4,59.75,1316.93,1316.93,186.27,02000,공동주택,공동주택,29,0,2,0,0,18,0,0,0,0,18,208,0,0,20160106,20160108,20160913,2016,3770030,건축과,1101,1101,0,,0,0,,0,,0,20220909
경기도 수원시 팔달구 화서동 56-31번지,41115,13800,0,0056,0031,10841167238,2,집합,1,총괄표제부,0,구대장,,금호빌라,,,,0,,,0,,,325.8,182.4,55.99,656.64,492.48,151.16,02000,공동주택,다세대주택,16,0,2,0,0,0,0,0,0,0,0,0,0,0,,,,,,,,,0,,0,0,,0,,0,20220909
경기도 수원시 팔달구 화서동 58-3번지,41115,13800,0,0058,0003,10841100400088,2,집합,1,총괄표제부,1,신대장,,동원블루밍,,,,0,,,0,,,900.9,521.17,57.85,1640.15,1640.15,182.06,02000,공동주택,"도시형생활주택(단지형다세대),제2종근린생활시설(사무소)",24,0,2,0,0,25,0,0,0,0,0,0,25,249.85,20170613,20170619,20180312,2017,3770030,건축과,1101,1101,4,,0,0,,0,,0,20220909
경기도 수원시 팔달구 화서동 65-4번지,41115,13800,0,0065,0004,1000000000000002165749,2,집합,1,총괄표제부,1,신대장,,그린캐슬화서,,,,0,,,,,,831.4,443.56,53.35,1469.23,1469.23,176.71,02000,공동주택,다세대주택(도시형생활주택-단지형 다세대주택),18,0,3,0,0,18,0,0,0,0,0,0,18,223.7,20220829,20221018,20230720,2022,3770030,건축과,1101,1101,0,,0,0,,0,,0,20230728
경기도 수원시 팔달구 화서동 67-4번지,41115,13800,0,0067,0004,10841167195,1,일반,1,총괄표제부,0,구대장,,,,,,0,,,0,,,148.8,90.25,60.65,90.25,90.25,60.65,,,"단독주택, 근린생활시설",0,0,2,0,0,0,0,0,0,0,0,0,0,0,,,,,,,,,0,,0,0,,0,,0,20220909
경기도 수원시 팔달구 화서동 69-22번지,41115,13800,0,0069,0022,10841167239,2,집합,1,총괄표제부,0,구대장,경기도 수원시 팔달구 팔달로165번길 15 (화서동),삼성맨션,,,,0,411154328366,13801,0,15,0,430.4,257.65,59.86,1022.36,1022.36,237.54,02000,공동주택,공동(다세대)주택,12,0,2,0,0,10,0,0,0,0,10,255.59,0,0,,,,,,,,,0,,0,0,,0,,0,20220909
경기도 수원시 팔달구 화서동 71-4번지,41115,13800,0,0071,0004,10841167344,1,일반,1,총괄표제부,1,신대장,경기도 수원시 팔달구 팔달로 128-1 (화서동),,,,,0,411153176014,13803,0,128,1,397,219.46,55.28,379.7,379.7,95.64,04000,제2종근린생활시설,"근린생활시설,주택",0,2,2,0,0,0,0,0,0,0,0,0,0,0,,,,,,,,,0,,0,0,,0,,0,20220909
경기도 수원시 팔달구 화서동 71-63번지,41115,13800,0,0071,0063,10841167240,2,집합,1,총괄표제부,0,구대장,경기도 수원시 팔달구 팔달로 140 (화서동),대영빌라,,,,0,411153176014,13803,0,140,0,331,166.26,50.23,655.44,491.58,148.51,02000,공동주택,다세대주택,16,0,2,0,0,0,0,0,0,0,0,0,0,0,,,,,,,,,0,,0,0,,0,,0,20220909
경기도 수원시 팔달구 화서동 71-98번지,41115,13800,0,0071,0098,10841100174064,1,일반,1,총괄표제부,1,신대장,경기도 수원시 팔달구 동말로 83 (화서동),,,,,1,411153176006,13802,0,83,0,661,292.34,44.23,1436.02,1189.58,179.97,03000,제1종근린생활시설,근린생활시설,0,0,2,0,0,9,0,0,0,0,0,0,9,103.5,,,,,,,,,0,,0,0,,0,,0,20220909
경기도 수원시 팔달구 화서동 71-144번지,41115,13800,0,0071,0144,10841100442452,1,일반,1,총괄표제부,1,신대장,경기도 수원시 팔달구 팔달로 132 (화서동),,,,,0,411153176014,13803,0,132,,506,284.86,56.3,440.44,440.44,87.04,04000,제2종근린생활시설,근린생활시설,0,0,2,0,0,4,0,0,0,0,0,0,4,48,,,,,,,,,0,,0,0,,0,,0,20220909
경기도 수원시 팔달구 화서동 79-3번지,41115,13800,0,0079,0003,10841167241,2,집합,1,총괄표제부,0,구대장,경기도 수원시 팔달구 동말로77번길 76-3 (화서동),현대빌라,,,,0,411154328140,13801,0,76,3,410,215.94,52.67,647.82,431.88,105.34,02000,공동주택,다세대주택,12,0,2,0,0,0,0,0,0,0,0,0,0,0,,,,,,,,,0,,0,0,,0,,0,20220909
경기도 수원시 팔달구 화서동 79-21번지,41115,13800,0,0079,0021,1000000000000006668093,1,일반,1,총괄표제부,1,신대장,경기도 수원시 팔달구 팔달로165번길 37-1 (화서동),,,,,1,411154328366,13801,0,37,1,434,150.88,34.76,266.54,232.08,53.47,04000,제2종근린생활시설,"제2종근린생활시설(사무소),제1종근린생활시설(소매점)",0,0,2,0,0,1,0,0,0,0,1,12.5,0,0,,,,,,,,,0,,0,0,,0,,0,20251104
경기도 수원시 팔달구 화서동 93-8번지,41115,13800,0,0093,0008,10841167199,1,일반,1,총괄표제부,0,구대장,경기도 수원시 팔달구 팔달로 101 (화서동),,,,,0,411153176014,13803,0,101,0,231.7,137.92,59.53,168.24,168.24,72.61,03000,제1종근린생활시설,"근린생활시설, 단독주택",0,1,2,1,2.02,0,0,0,0,0,0,0,0,0,,,,,,,,,0,,0,0,,0,,0,20220909
경기도 수원시 팔달구 화서동 97-2번지,41115,13800,0,0097,0002,10841167242,2,집합,1,총괄표제부,0,구대장,경기도 수원시 팔달구 동말로68번길 15 (화서동),수정아파트,,,,0,411154328139,13802,0,15,,0,1591.56,0,7207.04,6282.24,0,02000,공동주택,아파트,77,0,2,1,28,0,0,0,0,0,0,0,0,0,,,,,,,,,0,,0,0,,0,,0,20220909
경기도 수원시 팔달구 화서동 107-13번지,41115,13800,0,0107,0013,10841167201,1,일반,1,총괄표제부,0,구대장,경기도 수원시 팔달구 동말로 63 (화서동),,,,,0,411153176006,13802,0,63,0,331.6,191.86,57.85,574.06,446.66,134.69,03000,제1종근린생활시설,"근린생활시설, 단독주택",0,1,2,1,0.99,0,0,0,0,0,0,0,0,0,,,,,,,,,0,,0,0,,0,,0,20220909
경기도 수원시 팔달구 화서동 169-3번지,41115,13800,0,0169,0003,10841167279,2,집합,1,총괄표제부,0,구대장,경기도 수원시 팔달구 덕영대로777번길 38 (화서동),선호빌라,,,,0,411154328116,13801,0,38,0,253,149.64,59.15,578.76,436.23,172.42,02000,공동주택,다세대주택,16,0,2,0,0,0,0,0,0,0,0,0,0,0,,,,,,,,,0,,0,0,,0,,0,20220909
경기도 수원시 팔달구 화서동 169-13번지,41115,13800,0,0169,0013,10841100236413,1,일반,1,총괄표제부,1,신대장,,,,,,0,,,0,0,0,0,141.52,0,216.6,179.77,0,01000,단독주택,"단독주택, 자동차관련시설",0,0,2,2,3.7,0,0,0,0,0,0,0,0,0,,,,,,,,,0,,0,0,,0,,0,20220909
경기도 수원시 팔달구 화서동 184-165번지,41115,13800,0,0184,0165,10841167383,1,일반,1,총괄표제부,1,신대장,경기도 수원시 팔달구 동말로 33-3 (화서동),화서동 184-165주택,,,,0,411153176006,13802,0,33,3,352.7,181.89,51.57,326.55,304.12,86.23,01000,단독주택,단독주택,0,6,2,1,4.07,1,0,0,0,0,0,0,1,11.5,20060802,20060827,20061025,2006,3770030,건축과,1202,1202,0,,0,0,,0,,0,20220909
경기도 수원시 팔달구 화서동 208번지,41115,13800,0,0208,0000,10841167281,2,집합,1,총괄표제부,0,구대장,경기도 수원시 팔달구 동말로47번길 76 (화서동),경일아파트,,,,0,411154328133,13801,0,76,0,0,641.08,0,2409.72,2255.12,0,02000,공동주택,"아파트, 근린생활시설",32,0,3,0,0,0,0,0,0,0,0,0,0,0,,,,,,,,,0,,0,0,,0,,0,20220909
경기도 수원시 팔달구 화서동 220-3번지,41115,13800,0,0220,0003,10841167282,2,집합,1,총괄표제부,0,구대장,경기도 수원시 팔달구 덕영대로757번길 23 (화서동),영광아파트,,,,1,411154328115,13801,0,23,,12276,9760.14,26.5,51993.008,47070.96,383.44,02000,공동주택,"아파트, 구매시설,생활시설",459,0,3,5,3144.96,203,0,0,0,0,84,2327.95,119,1368.5,,,,,,,,,0,,0,0,,0,,0,20241227
경기도 수원시 팔달구 화서동 250-4번지,41115,13800,0,0250,0004,10841100211265,2,집합,1,총괄표제부,1,신대장,경기도 수원시 팔달구 화양로50번길 30 (화서동),화서역 블루밍푸른숲아파트,,,,0,411154328447,13801,0,30,,85624.2,16778.897,19.6,258171.278,191263.823,223.37589,02000,공동주택,아파트,1744,0,35,16,67345.541,1983,0,0,0,0,1742,0,241,0,20050406,20060626,20090728,2005,3740058,건축과,2101,2101,0,,0,0,,0,,0,20220909
경기도 수원시 팔달구 화서동 265-9번지,41115,13800,0,0265,0009,10841167203,2,집합,1,총괄표제부,0,구대장,경기도 수원시 팔달구 화양로 64-1 (화서동),고향빌라,,,,0,411153176020,13801,0,64,1,636,225.52,35.46,800.4,587.36,92.35,02000,공동주택,다세대주택,19,0,3,0,0,0,0,0,0,0,0,0,0,0,,,,,,,,,0,,0,0,,0,,0,20220909
경기도 수원시 팔달구 화서동 270-9번지,41115,13800,0,0270,0009,10841100319767,2,집합,1,총괄표제부,1,신대장,,,,,,0,,,0,0,0,0,0,0,0,0,0,,,,0,0,0,0,0,0,0,0,0,0,0,0,0,0,,,,,,,,,0,,0,0,,0,,0,20220909
경기도 수원시 팔달구 화서동 274번지,41115,13800,0,0274,0000,10841100224481,1,일반,1,총괄표제부,1,신대장,경기도 수원시 팔달구 덕영대로735번길 65 (화서동),화양초등학교,,,,2,411154328113,13801,0,65,0,12417,2580.11,20.78,7895.48,7750.98,62.42,,,,0,0,4,2,84.66,0,0,0,0,0,0,0,0,0,,,,,,,,,0,,0,0,,0,,0,20220909
경기도 수원시 팔달구 화서동 330-10번지,41115,13800,0,0330,0010,10841167345,2,집합,1,총괄표제부,1,신대장,경기도 수원시 팔달구 수성로232번길 7 (화서동),수원 화서 래미안 클래식,,,,2,411154328195,13801,0,7,0,8185.5,3148.17,38.46,13926.33,9399.97,114.84,02000,공동주택,공동주택,48,0,5,1,4532.52,116,0,0,0,0,116,3899.88,0,0,20040426,20040616,20050825,2004,,,2101,2101,0,,0,0,,0,,0,20220909
경기도 수원시 팔달구 화서동 349-8번지,41115,13800,0,0349,0008,10841167204,2,집합,1,총괄표제부,0,구대장,,우람아파트,,,,0,,,0,,,0,0,0,30822.76,0,0,02000,공동주택,아파트,0,0,16,0,0,0,0,0,0,0,0,0,0,0,,,,,,,,,0,,0,0,,0,,0,20220909
경기도 수원시 팔달구 화서동 410-7번지,41115,13800,0,0410,0007,10841167101,1,일반,1,총괄표제부,1,신대장,,기독교대한감리회 수원성교회,,,,0,,,,,,10075,2010.28,19.95,8857.01,4798,47.62,06000,종교시설,종교집회장(교회),0,0,3,1,208.55,177,0,0,0,0,71,887.5,106,1333,,,,,,,,,0,,0,0,,0,,0,20241209
경기도 수원시 팔달구 화서동 436-1번지,41115,13800,0,0436,0001,1000000000000002257326,1,일반,1,총괄표제부,1,신대장,,,,,,0,,,,,,332997,0,0,0,0,0,03000,제1종근린생활시설,수질개선장치,0,0,2,0,0,0,0,0,0,0,0,0,0,0,,,,,,,,,0,,0,0,,0,,0,20230823
경기도 수원시 팔달구 화서동 436-3번지,41115,13800,0,0436,0003,10841167232,1,일반,1,총괄표제부,1,신대장,경기도 수원시 팔달구 수성로 92 (화서동),농민회관,,,,4,411153175034,13801,0,92,,30815,3759.99,12.2,11365.4,10534.38,34.19,05000,문화및집회시설,"문화및집회시설, 근린생활시설",0,0,3,0,0,44,0,0,0,0,0,0,44,506,,,,,,,,,0,,0,0,,0,,0,20230424
경기도 수원시 팔달구 화서동 646번지,41115,13800,0,0646,0000,10841167243,2,집합,1,총괄표제부,0,구대장,경기도 수원시 팔달구 덕영대로697번길 47 (화서동),화서3단지 주공아파트 및 상가,,,,0,411154328112,13801,0,47,0,24770,4994.372,20.16,71884.647,58456.12,236,02000,공동주택,"아파트, 상가",582,0,8,3,9613.28,0,0,0,0,0,345,8579.42,274,3186,,,,,,,,,0,,0,0,,0,,0,20220909
경기도 수원시 팔달구 화서동 650번지,41115,13800,0,0650,0000,10841167244,2,집합,1,총괄표제부,0,구대장,경기도 수원시 팔달구 덕영대로697번길 48 (화서동),"화서4,5단지주공아파트및상가",,,,0,411154328112,13801,0,48,,55896,9280.45,16.6,159718.41,122618.84,219.37,02000,공동주택,"아파트, 상가",1700,0,18,7,30011.27,1369,0,0,0,0,967,27638.42,402,4693,,,,,,,,,0,,0,0,,0,,0,20250509
경기도 수원시 팔달구 화서동 653번지,41115,13800,0,0653,0000,10841167352,1,일반,1,총괄표제부,1,신대장,경기도 수원시 팔달구 수성로182번길 100 (화서동),숙지고등학교,,,,0,411154328194,13801,0,100,0,12260.2,3113.065,25.39,12222.645,11917.155,97.2,Z8000,교육연구및복지시설,교육연구시설,0,0,3,3,93.615,61,0,0,0,0,0,0,61,0,19961107,,19990820,,,,,,0,,0,0,,0,,0,20220909
경기도 수원시 팔달구 화서동 656번지,41115,13800,0,0656,0000,10841167245,2,집합,1,총괄표제부,0,구대장,경기도 수원시 팔달구 덕영대로735번길 18 (화서동),"한진,현대아파트",,,,0,411154328113,13801,0,18,0,27900,5109.617,18.314,88530.181,68624.629,245.966,,,"아파트, 생활편익시설",531,0,16,8,16773.465,866,0,0,0,0,510,14842.36,376,4324,,,,,,,,,0,,0,0,,0,,0,20220909
경기도 수원시 팔달구 화서동 674-1번지,41115,13800,0,0674,0001,10841167246,2,집합,1,총괄표제부,0,구대장,경기도 수원시 팔달구 수성로157번길 75 (화서동),꽃뫼노을마을 풍림아파트,,,,0,411154328193,13801,0,75,0,9021,1852.7,20.53,27309.48,20732.56,229.82,02000,공동주택,공동주택(아파트),276,0,3,5,5520,284,0,0,0,0,181,0,103,0,,,,,,,,,0,,0,0,,0,,0,20220909
경기도 수원시 팔달구 화서동 684-2번지,41115,13800,0,0684,0002,10841167247,2,집합,1,총괄표제부,0,구대장,경기도 수원시 팔달구 화산로 24 (화서동),꽃뫼버들마을 신동아아파트,,,,0,411153176019,13801,0,24,,11012,1809.138,16.43,34492.966,25308.318,229.82,02000,공동주택,"공동주택(아파트), 상가(생활편익시설)",332,0,4,2,248.16,338,0,0,0,0,182,8132.58,156,0,,,,,,,,,0,,0,0,,0,,0,20220909
경기도 수원시 팔달구 화서동 700번지,41115,13800,0,0700,0000,10841167248,2,집합,1,총괄표제부,0,구대장,경기도 수원시 팔달구 화산로17번길 6 (화서동),꽃뫼양지마을 현대(아),,,,0,411154328494,13801,0,6,0,16979.7,2324.8592,13.69,40629.278,31843.5692,187.54,02000,공동주택,"공동주택(아파트), 근린생활시설",260,0,4,0,0,407,0,0,0,0,247,6866.48,160,0,,,,,,,,,0,,0,0,,0,,0,20220909
경기도 수원시 팔달구 화서동 703번지,41115,13800,0,0703,0000,10841167249,2,집합,1,총괄표제부,0,구대장,경기도 수원시 팔달구 수성로101번길 20 (화서동),꽃뫼양지마을(대우아파트),,,,0,411154328192,13801,0,20,0,15550.7,3100.5933,19.94,40341.707,31376.721,201.77,02000,공동주택,"공동주택, 생활편익시설",236,0,4,6,7113.3836,363,0,0,0,0,228,6412.4546,135,0,,,,,,,,,0,,0,0,,0,,0,20231030
경기도 수원시 팔달구 화서동 706번지,41115,13800,0,0706,0000,10841167250,2,집합,1,총괄표제부,0,구대장,경기도 수원시 팔달구 화산로 57 (화서동),꽃뫼버들마을 진흥아파트,,,,0,411153176019,13801,0,57,0,31485,4770.45,15.15,89778.06,68477.03,217.49,02000,공동주택,"공동주택(아파트), 생활편익시설",834,0,10,9,22045.81,828,0,0,0,0,656,20981.15,172,3346.5,,,,,,,,,0,,0,0,,0,,0,20250904
경기도 수원시 팔달구 화서동 708번지,41115,13800,0,0708,0000,10841167359,1,일반,1,총괄표제부,1,신대장,경기도 수원시 팔달구 정자천로32번길 11 (화서동),정천중학교,,,,0,411154328261,13801,0,11,0,12982.4,2771.44,21.35,12223.7,12223.7,94.16,Z8000,교육연구및복지시설,교육연구및복지시설,0,0,2,1,44.04,63,0,0,0,0,0,0,64,736,,20020521,20031007,,,,,,0,,0,0,,0,,0,20220909
경기도 수원시 팔달구 화서동 709번지,41115,13800,0,0709,0000,10841167251,2,집합,1,총괄표제부,0,구대장,경기도 수원시 팔달구 정자천로32번길 27 (화서동),꽃뫼버들마을 금강 아파트,,,,0,411154328261,13801,0,27,,15708.5,2075.45,13.21,44686.84,34512.15,219.7,02000,공동주택,"공동주택(아파트), 생활편익시설",312,0,4,4,8955.39,405,0,0,0,0,303,7644.72,102,1173,,,,,,,,,0,,0,0,,0,,0,20220909
경기도 수원시 팔달구 화서동 713번지,41115,13800,0,0713,0000,10841167252,2,집합,1,총괄표제부,0,구대장,경기도 수원시 팔달구 정자천로32번길 20 (화서동),한독.LG아파트,,,,0,411154328261,13801,0,20,0,33614.1,7690.653,22.88,94833.607,73746.48,219.39,02000,공동주택,"공동주택, 근린생활시설",665,0,9,8,15995.552,846,0,0,0,0,533,14640.6,313,8625.06,,,,,,,,,0,,0,0,,0,,0,20220909
경기도 수원시 팔달구 화서동 720번지,41115,13800,0,0720,0000,10841100227192,1,일반,1,총괄표제부,1,신대장,경기도 수원시 팔달구 일월로 50 (화서동),율천고등학교,,,,2,411153175040,13801,0,50,0,12820,3494.07,27.25,8783.38,8542.68,66.63,10000,교육연구시설,교육연구시설(고등학교),0,0,2,0,0,45,0,0,0,0,0,0,45,0,,,,,,,,,0,,0,0,2,66.16,,0,20220909
경기도 수원시 팔달구 화서동 730번지,41115,13800,0,0730,0000,10841167224,2,집합,1,총괄표제부,0,구대장,경기도 수원시 팔달구 일월로18번길 4-26 (화서동),꽃뫼버들마을 코오롱아파트,,,,0,411154328241,13801,0,4,26,27090,4049.9582,14.95,69124.22,59548.615,219.82,02000,공동주택,"공동주택(아파트), 생활편익시설",538,0,5,6,7643.804,685,0,0,0,0,272,6685.38,413,0,,,,,,,,,0,,0,0,,0,,0,20220909
경기도 수원시 팔달구 화서동 743번지,41115,13800,0,0743,0000,10841100208920,2,집합,1,총괄표제부,1,신대장,경기도 수원시 팔달구 수성로244번길 25 (화서동),화서위브하늘채,,,,0,411154322141,13801,0,25,0,37948.7,5569.0078,14.68,128355.7056,92931.5203,244.89,02000,공동주택,아파트,807,0,14,9,30881.9216,945,0,0,0,0,793,27665.5107,152,0,20050517,20060630,20090525,2005,3740058,건축과,2101,2101,0,,0,0,,0,,0,20230503
경기도 수원시 팔달구 화서동 761번지,41115,13800,0,0761,0000,10841100219785,2,집합,1,총괄표제부,1,신대장,경기도 수원시 팔달구 화양로67번길 10 (화서동),수원화서역 동문굿모닝힐아파트,,,,0,411154328450,13801,0,10,,15515.4,2091.808,13.48,47970.117,34747.64,223.96,02000,공동주택,공동주택(아파트),293,0,4,7,13310.465,355,0,0,0,0,349,12062.009,6,74,20070605,20071115,20100630,2007,3740058,건축과,2101,2101,0,,0,0,,0,,0,20230102
경기도 수원시 팔달구 화서동 769번지,41115,13800,0,0769,0000,10841100311687,2,집합,1,총괄표제부,1,신대장,,화서한신더휴,,,,0,,,0,,,9484.2,1729.36,18.23,32282.92,20875.73,220.11,02000,공동주택,공동주택,198,0,3,3,11420.15,211,0,0,0,0,211,9732.58,0,0,20101125,20120627,20140627,2010,3740000,수원시,9602,9602,0,,0,0,,0,,0,20220909
경기도 수원시 팔달구 화서동 774번지,41115,13800,0,0774,0000,10841100247935,1,일반,1,총괄표제부,1,신대장,,서호 생태 수자원센터,,,,0,,,0,0,0,71661.5,4306.1,5.9093,8951.53,7500.55,10.293,22000,분뇨.쓰레기처리시설,"분뇨.쓰레기처리시설,운동시설, 노유자시설, 공중화장실",0,0,5,0,0,97,0,0,0,0,93,1158,4,51,20100223,20100329,,2010,3740146,도시경관과,5200,5200,0,,0,0,,0,,0,20250611
경기도 수원시 팔달구 지동 93-3번지,41115,13900,0,0093,0003,10841167349,1,일반,1,총괄표제부,1,신대장,경기도 수원시 팔달구 중부대로 93 (지동),,,,,0,411152012012,13905,0,93,0,23818,3492.33,14.66,16146.04,13279.08,55.76,06000,종교시설,종교시설,0,0,3,0,0,15,0,0,0,0,0,0,15,172.5,19730807,,19741008,,,,,,0,,0,0,,0,,0,20220909
경기도 수원시 팔달구 지동 93-6번지,41115,13900,0,0093,0006,10841167350,1,일반,1,총괄표제부,1,신대장,,성빈센트병원,,,,0,,,0,,,28547,14477.65,50.72,108331.62,69545.91,243.62,09000,의료시설,병원,0,0,6,0,0,775,0,0,0,0,775,0,0,0,,,19681110,,,,,,0,,0,0,,0,,0,20241114
경기도 수원시 팔달구 지동 109-6번지,41115,13900,0,0109,0006,10841100258545,1,일반,1,총괄표제부,1,신대장,,,,,,0,,,0,,,0,83.64,0,110.09,110.09,0,01000,단독주택,주택,0,0,2,0,0,0,0,0,0,0,0,0,0,0,,,,,,,,,0,,0,0,,0,,0,20220909
경기도 수원시 팔달구 지동 138-24번지,41115,13900,0,0138,0024,10841167218,2,집합,1,총괄표제부,0,구대장,경기도 수원시 팔달구 세지로314번길 17-19 (지동),삼호아파트,,,,1,411154328182,13901,0,17,19,3935,1268.094,32.23,11632.078,8694.73,220.96,02000,공동주택,공동주택[아파트],89,0,2,1,8.64,95,0,0,0,0,61,2797.77,34,0,,,,,,,,,0,,0,0,,0,,0,20220909
경기도 수원시 팔달구 지동 221-4번지,41115,13900,0,0221,0004,10841100333557,2,집합,1,총괄표제부,1,신대장,,,,,,0,,,0,0,0,692,354.045,51.16,1043.33,1043.33,150.77,02000,공동주택,도시형생활주택 단지형다세대주택,18,0,2,0,0,17,0,0,0,0,10,120,7,76.2,20150306,20150314,20150825,2015,3770030,건축과,1101,1101,0,,0,0,,0,,0,20220909
경기도 수원시 팔달구 지동 228-8번지,41115,13900,0,0228,0008,10841100243995,1,일반,1,총괄표제부,1,신대장,,,,,,0,,,0,,,628,201.85,32.14,354.1,354.1,56.39,01000,단독주택,단독주택(다가구주택-7가구),0,7,2,0,0,7,0,0,0,0,0,0,7,80.5,,,,,,,,,0,,0,0,,0,,0,20220909
경기도 수원시 팔달구 지동 307-2번지,41115,13900,0,0307,0002,10841100173526,1,일반,1,총괄표제부,1,신대장,경기도 수원시 팔달구 팔달문로 33 (지동),,,,,0,411153176015,13904,0,33,,217,129.45,59.65,252.73,235.15,108.36,04000,제2종근린생활시설,근린생활시설,0,0,2,0,0,0,0,0,0,0,0,0,0,0,,,,,,,,,0,,0,0,,0,,0,20220909
경기도 수원시 팔달구 지동 307-70번지,41115,13900,0,0307,0070,10841167211,1,일반,1,총괄표제부,0,구대장,경기도 수원시 팔달구 창룡문로 18-10 (지동),,,,,1,411153176013,13901,0,18,10,162,70.22,43.35,70.22,70.22,43.35,01000,단독주택,주택,0,2,2,0,0,0,0,0,0,0,0,0,0,0,,,,,,,,,0,,0,0,,0,,0,20220909
경기도 수원시 팔달구 지동 385번지,41115,13900,0,0385,0000,10841100217116,1,일반,1,총괄표제부,1,신대장,경기도 수원시 팔달구 중부대로39번길 3-8 (지동),,,,,0,411154328320,13901,0,3,8,202,93.06,46.07,145.95,145.95,72.25,,,,0,0,2,0,0,0,0,0,0,0,0,0,0,0,,,,,,,,,0,,0,0,,0,,0,20220909
경기도 수원시 팔달구 지동 397-14번지,41115,13900,0,0397,0014,10841167118,1,일반,1,총괄표제부,0,구대장,경기도 수원시 팔달구 수원천로258번길 9 (지동),,,,,0,411154328208,13901,0,9,0,235,134.37,57.18,195.35,169.73,72.23,03000,제1종근린생활시설,근린생활시설,0,0,2,1,0.99,1,0,0,0,0,0,0,1,11.5,,,,,,,,,0,,0,0,,0,,0,20220909
경기도 수원시 팔달구 지동 479-18번지,41115,13900,0,0479,0018,10841167363,1,일반,1,총괄표제부,1,신대장,경기도 수원시 팔달구 팔달문로 109 (지동),,,,,0,411153176015,13904,0,109,0,332,176.02,53.02,277.14,240.42,72.42,04000,제2종근린생활시설,제2종근린생활시설,0,1,2,0,0,2,0,0,0,0,0,0,2,23,19890614,,19891115,,,,,,0,,0,0,,0,,0,20220909
경기도 수원시 팔달구 우만동 9-1번지,41115,14000,0,0009,0001,10841167381,1,일반,1,총괄표제부,1,신대장,경기도 수원시 팔달구 월드컵로 216 (우만동),학교법인 유신학원,,,,2,411153177012,14001,0,216,0,97656,12574.13,12.88,39331.11,37277.13,38.17,Z8000,교육연구및복지시설,교육연구시설,0,0,19,0,0,153,0,0,0,0,0,0,153,2985,,,,,,,,,0,,0,0,,0,,0,20251205
경기도 수원시 팔달구 우만동 16번지,41115,14000,0,0016,0000,10841100281111,1,일반,1,총괄표제부,1,신대장,,효성초등학교,,,,2,,,0,0,0,11286,2355.74,20.87,8634.83,8509.96,75.4,10000,교육연구시설,교육연구시설,0,0,2,0,0,22,0,0,0,0,0,0,22,253,,,,,,,,,0,,0,0,,0,,0,20220909
경기도 수원시 팔달구 우만동 51-20번지,41115,14000,0,0051,0020,10841167346,1,일반,1,총괄표제부,1,신대장,경기도 수원시 팔달구 중부대로223번길 41 (우만동),본수원갈비,,,,3,411154328314,14001,0,41,,2921,1250.97,42.826771,3250.75,2869.72,98.244436,04000,제2종근린생활시설,제2종근린생활시설,0,1,2,0,0,25,0,0,0,0,0,0,7,95.1,19881121,,19891013,,,,,,0,,0,0,,0,,0,20220909
경기도 수원시 팔달구 우만동 57-3번지,41115,14000,0,0057,0003,10841167128,1,일반,1,총괄표제부,0,구대장,,,,,,0,,,0,,,713,364.26,51.09,975.1,975.1,136.76,01000,단독주택,"단독주택, 제2종근린생활시설",0,10,2,0,0,10,0,0,0,0,8,220.12,2,23,,,,,,,,,0,,0,0,,0,,0,20220909
경기도 수원시 팔달구 우만동 75-1번지,41115,14000,0,0075,0001,10841100256446,1,일반,1,총괄표제부,1,신대장,,,,,,1,,,0,,,477,155.74,32.64,155.74,155.74,32.64,04000,제2종근린생활시설,제2종근린생활시설(일반음식점),0,0,2,0,0,1,0,0,0,0,0,0,1,11.5,,,,,,,,,0,,0,0,,0,,0,20220909
경기도 수원시 팔달구 우만동 76-7번지,41115,14000,0,0076,0007,10841167136,2,집합,1,총괄표제부,0,구대장,경기도 수원시 팔달구 아주로 17 (우만동),삼성아파트,,,,0,411153176009,14001,0,17,,4627,1565.57,33.84,20549.34,14840.43,320.74,02000,공동주택,아파트 및 생활편익시설,173,0,2,5,1446.02,174,0,0,0,0,148,4099.79,26,299,,,,,,,,,0,,0,0,,0,,0,20220909
경기도 수원시 팔달구 우만동 98번지,41115,14000,0,0098,0000,10841167137,2,집합,1,총괄표제부,0,구대장,경기도 수원시 팔달구 중부대로 215 (우만동),선경아파트,,,,1,411152012012,14006,0,215,,14866,4396.3,29.6,43936.31,34770.14,236,02000,공동주택,"아파트, 상가및 부대시설",372,0,3,4,3325.986,315,150,4248.985,165,0,0,0,0,0,,,,,,,,,0,,0,0,,0,,0,20220909
경기도 수원시 팔달구 우만동 136-14번지,41115,14000,0,0136,0014,10841167138,2,집합,1,총괄표제부,0,구대장,경기도 수원시 팔달구 권광로348번길 8 (우만동),,,,,0,411154328105,14001,0,8,0,744,273.24,36.73,1182.18,919.74,123.62,02000,공동주택,다세대주택,18,0,2,0,0,8,0,0,0,0,0,0,8,0,,,,,,,,,0,,0,0,,0,,0,20220909
경기도 수원시 팔달구 우만동 136-15번지,41115,14000,0,0136,0015,10841167139,2,집합,1,총괄표제부,0,구대장,경기도 수원시 팔달구 권광로348번길 12 (우만동),,,,,0,411154328105,14001,0,12,0,586,247.84,42.29,1046.88,931.36,158.94,02000,공동주택,다세대주택,18,0,2,0,0,7,0,0,0,0,0,0,7,0,,,,,,,,,0,,0,0,,0,,0,20220909
경기도 수원시 팔달구 우만동 136-16번지,41115,14000,0,0136,0016,10841167140,2,집합,1,총괄표제부,0,구대장,경기도 수원시 팔달구 권광로348번길 16 (우만동),,,,,0,411154328105,14001,0,16,0,488,452.92,92.81,983.88,874.16,179.13,02000,공동주택,다세대주택,18,0,2,0,0,7,0,0,0,0,0,0,7,0,,,,,,,,,0,,0,0,,0,,0,20220909
경기도 수원시 팔달구 우만동 138번지,41115,14000,0,0138,0000,10841167141,2,집합,1,총괄표제부,0,구대장,경기도 수원시 팔달구 중부대로 193 (우만동),신성미소지움아파트,,,,0,411152012012,14006,0,193,,11195.5,1835.36,16.39,32859.726,32859.726,293.51,02000,공동주택,"공동주택[아파트], 근린생활시설",272,0,4,0,0,338,0,0,0,0,246,6566.621,92,2058.5,,,,,,,,,0,,0,0,,0,,0,20220909
경기도 수원시 팔달구 우만동 139-18번지,41115,14000,0,0139,0018,10841100485591,2,집합,1,총괄표제부,1,신대장,경기도 수원시 팔달구 중부대로 203 (우만동),한일베라체 에코플러스,,,,0,411152012012,14006,0,203,,4709,2188.804,46.48,33183.3275,22600.1302,479.93,02000,공동주택,"아파트, 업무시설(오피스텔),근린생활시설",202,0,4,5,10787.175,262,0,0,0,0,259,9517.8207,3,0,20190222,20190403,20220620,2019,3740282,건축과,1101,1101,43,,0,0,,0,,0,20220909
경기도 수원시 팔달구 우만동 153-20번지,41115,14000,0,0153,0020,10841100335578,1,일반,1,총괄표제부,1,신대장,,,,,,0,,,0,,,2101,859.49,40.9,1854.43,1854.43,88.26,04000,제2종근린생활시설,"제1,2종근생(휴게음식점, 일반음식점,의원,미용원,사무소)",0,0,2,0,0,20,0,0,0,0,0,0,20,299.05,20150327,20150410,20150921,2015,3770030,건축과,1102,1102,0,,0,0,,0,,0,20220909
경기도 수원시 팔달구 우만동 182-5번지,41115,14000,0,0182,0005,10841167130,1,일반,1,총괄표제부,0,구대장,경기도 수원시 팔달구 팔달문로 176 (우만동),,,,,0,411153176015,14005,0,176,0,3469,712.64,20.54,3185.3,3185.3,91.82,02000,공동주택,공동주택,0,0,2,0,0,16,0,0,0,0,0,0,16,404.8,,,,,,,,,0,,0,0,,0,,0,20220909
경기도 수원시 팔달구 우만동 190-1번지,41115,14000,0,0190,0001,10841167131,1,일반,1,총괄표제부,0,구대장,경기도 수원시 팔달구 중부대로143번길 102 (우만동),수원보호관찰소,,,,0,411154328306,14001,0,102,,3496,982.63,28.11,2997.45,2772.81,79.31,14000,업무시설,공공업무시설,0,0,2,0,0,30,0,0,0,0,0,0,30,0,,,,,,,,,0,,0,0,,0,,0,20220909
경기도 수원시 팔달구 우만동 228번지,41115,14000,0,0228,0000,10841100271886,1,일반,1,총괄표제부,1,신대장,,,,,,189,,,0,0,0,411908,46146.4,11.203,99278.79,75585.11,18.35,13000,운동시설,"문화및집회시설,운동시설,근린생활시설,업무시설",0,0,2,14,26294.23,2097,0,0,0,0,9,313.51,2088,43651.78,19990209,19990515,20030517,,,,,,0,,0,0,,0,,0,20230622
경기도 수원시 팔달구 우만동 248번지,41115,14000,0,0248,0000,10841167379,1,일반,1,총괄표제부,0,구대장,경기도 수원시 팔달구 창룡대로 236-54 (우만동),봉녕사,,,,2,411152012001,14005,0,236,54,0,0,0,5014.53,0,0,Z5000,문화및집회시설,종교시설.교육연구시설,0,0,10,0,0,43,0,0,0,0,0,0,43,494.5,,,,,,,,,0,,0,0,,0,,0,20220909
경기도 수원시 팔달구 우만동 250번지,41115,14000,0,0250,0000,10841167362,1,일반,1,총괄표제부,1,신대장,경기도 수원시 팔달구 창룡대로 236-54 (우만동),봉녕사,,,,2,411152012001,14005,0,236,54,9895,912.4,9.22,1265.54,1199.14,12.12,10000,교육연구시설,교육연구및복지시설,0,0,2,0,0,10,0,0,0,0,0,0,10,115,20031124,20040406,20050706,,,,,,0,,0,0,,0,,0,20220909
경기도 수원시 팔달구 우만동 466번지,41115,14000,0,0466,0000,10841167360,1,일반,1,총괄표제부,1,신대장,경기도 수원시 팔달구 월드컵로 379 (우만동),,,,,0,411153177012,14001,0,379,0,445.3,241.2,54.17,352.36,324.76,72.93,03000,제1종근린생활시설,"근린생활시설,단독주택",1,1,2,0,0,4,0,0,0,0,0,0,4,46,19890620,,19881029,,,,,,0,,0,0,,0,,0,20220909
경기도 수원시 팔달구 우만동 468-1번지,41115,14000,0,0468,0001,10841100346252,2,집합,1,총괄표제부,1,신대장,,삼성캐슬,,,,0,,,0,0,0,682,373.86,54.82,1270.84,1270.84,186.34,02000,공동주택,"공동주택(도시형생활주택), 제1종근린생활시설",20,0,2,0,0,20,0,0,0,0,0,0,20,226.4,20151029,20151106,20160615,2015,3770030,건축과,1101,1101,2,,0,0,,0,,0,20220909
경기도 수원시 팔달구 우만동 468-2번지,41115,14000,0,0468,0002,10841100348640,2,집합,1,총괄표제부,1,신대장,,다인캐슬,,,,0,,,0,0,0,802.3,473.22,58.98,1416.3,1416.3,176.53,02000,공동주택,"공동주택, 근린생활시설",24,0,2,0,0,24,0,0,0,0,10,120,14,152.4,20151103,20151106,20160728,2015,3770030,건축과,1101,1101,0,,0,0,,0,,0,20220909
경기도 수원시 팔달구 우만동 468-3번지,41115,14000,0,0468,0003,10841100346290,2,집합,1,총괄표제부,1,신대장,,삼성캐슬,,,,0,,,0,,,802.5,474.77,59.16,1416.81,1416.81,176.55,02000,공동주택,"공동주택(도시형생활주택), 제1종근린생활시설",24,0,2,0,0,24,0,0,0,0,10,120,14,152.4,20151103,20151106,20160615,2015,3770030,건축과,1101,1101,0,,0,0,,0,,0,20220909
경기도 수원시 팔달구 우만동 473-1번지,41115,14000,0,0473,0001,10841100337279,2,집합,1,총괄표제부,1,신대장,,,,,,0,,,0,,,638.6,362.02,56.69,1208.46,1208.46,189.24,02000,공동주택,공동주택(도시형생활주택-단지형다세대주택),20,0,2,0,0,19,0,0,0,0,19,219.2,0,0,20150415,20150501,20151111,2015,3770030,건축과,1101,1101,0,,0,0,,0,,0,20220909
경기도 수원시 팔달구 우만동 473-7번지,41115,14000,0,0473,0007,10841100318408,2,집합,1,총괄표제부,1,신대장,,골든뷰,,,,2,,,0,,,751,382.37,50.91,1304.81,1304.81,173.74,02000,공동주택,단지형다세대주택,23,0,2,0,0,23,0,0,0,0,23,256.6,0,0,20140523,20140601,20150217,2014,3770030,건축과,1101,1101,0,,0,0,,0,,0,20220909
경기도 수원시 팔달구 우만동 489-14번지,41115,14000,0,0489,0014,10841167353,1,일반,1,총괄표제부,1,신대장,경기도 수원시 팔달구 경수대로 682 (우만동),GS 대창주유소,,,,0,411152012008,14002,0,682,0,1286.6,397.33,30.88,594.45,594.45,46.2,19000,위험물저장및처리시설,위험물저장및처리시설,0,0,2,0,0,3,0,0,0,0,0,0,3,37.5,20061208,20070105,20070511,2006,3770030,건축과,1101,1101,0,,0,0,,0,,0,20220909
경기도 수원시 팔달구 우만동 499-5번지,41115,14000,0,0499,0005,10841167142,2,집합,1,총괄표제부,0,구대장,경기도 수원시 팔달구 월드컵로321번길 12-4 (우만동),현대빌라,,,,0,411154328219,14001,0,12,4,565.1,222.32,39.34,1033.5,754.78,152.4,02000,공동주택,다세대주택,19,0,2,0,0,7,0,0,0,0,0,0,7,0,,,,,,,,,0,,0,0,,0,,0,20220909
경기도 수원시 팔달구 우만동 501번지,41115,14000,0,0501,0000,10841167385,1,일반,1,총괄표제부,0,구대장,경기도 수원시 팔달구 세지로 430 (우만동),,,,,1,411153175031,14002,0,430,,0,488.19,0,1064.65,905.37,0,04000,제2종근린생활시설,제2종근린생활시설,0,0,2,2,5.04,0,0,0,0,0,0,0,0,0,19870910,,19880504,,,,,,0,,0,0,,0,,0,20220909
경기도 수원시 팔달구 우만동 501-1번지,41115,14000,0,0501,0001,10841167143,2,집합,1,총괄표제부,0,구대장,경기도 수원시 팔달구 팔달문로175번길 91 (우만동),,,,,0,411154328398,14001,0,91,0,420.7,243.87,57.96,975.48,731.61,173.9,02000,공동주택,다세대주택,16,0,2,0,0,0,0,0,0,0,0,0,0,0,,,,,,,,,0,,0,0,,0,,0,20220909
경기도 수원시 팔달구 우만동 501-14번지,41115,14000,0,0501,0014,10841167144,2,집합,1,총괄표제부,0,구대장,경기도 수원시 팔달구 월드컵로321번길 34-14 (우만동),,,,,0,411154328219,14001,0,34,14,462.3,204.57,44.25,748.17,556.02,120.35,02000,공동주택,다세대주택,16,0,2,0,0,5,0,0,0,0,0,0,5,0,,,,,,,,,0,,0,0,,0,,0,20220909
경기도 수원시 팔달구 우만동 501-15번지,41115,14000,0,0501,0015,10841167145,2,집합,1,총괄표제부,0,구대장,경기도 수원시 팔달구 월드컵로321번길 34-10 (우만동),,,,,0,411154328219,14001,0,34,10,466.1,204.57,43.88,748.17,556.02,119.29,02000,공동주택,다세대주택,16,0,2,0,0,5,0,0,0,0,0,0,5,0,,,,,,,,,0,,0,0,,0,,0,20220909
경기도 수원시 팔달구 우만동 502-10번지,41115,14000,0,0502,0010,10841100310088,1,일반,1,총괄표제부,1,신대장,,,,,,0,,,0,,,1650.8,911.6,55.22,2886.75,2374.29,143.83,06000,종교시설,"종교시설,교육연구시설",0,0,2,0,0,7,0,0,0,0,7,80.5,0,0,,,,,,,,,0,,0,0,,0,,0,20220909
경기도 수원시 팔달구 우만동 505-1번지,41115,14000,0,0505,0001,10841167146,2,집합,1,총괄표제부,0,구대장,경기도 수원시 팔달구 팔달문로153번길 75 (우만동),청암빌라,,,,0,411154328396,14001,0,75,0,528.6,179.64,33.98,656.96,492.72,93.21,02000,공동주택,다세대주택,16,0,2,0,0,0,0,0,0,0,0,0,0,0,,,,,,,,,0,,0,0,,0,,0,20220909
경기도 수원시 팔달구 우만동 505-13번지,41115,14000,0,0505,0013,10841167147,2,집합,1,총괄표제부,0,구대장,,건우빌라,,,,0,,,0,,,455.7,226.32,49.66,675.54,450.93,98.95,02000,공동주택,다세대주택,12,0,2,0,0,5,0,0,0,0,0,0,5,57.5,,,,,,,,,0,,0,0,,0,,0,20220909
경기도 수원시 팔달구 우만동 508-6번지,41115,14000,0,0508,0006,10841167148,2,집합,1,총괄표제부,0,구대장,경기도 수원시 팔달구 경수대로656번길 7 (우만동),대성빌라,,,,0,411154328033,14001,0,7,0,332.3,176.4,53.08,694.8,518.4,156,02000,공동주택,다세대주택(15가구),15,0,2,0,0,0,0,0,0,0,0,0,0,0,,,,,,,,,0,,0,0,,0,,0,20220909
경기도 수원시 팔달구 우만동 508-7번지,41115,14000,0,0508,0007,10841100346117,2,집합,1,총괄표제부,1,신대장,,오성 PLUS,,,,0,,,0,,,757.6,418.59,55.25,1511.955,1318.155,173.99,02000,공동주택,"공동주택(도시형생활주택), 근린생활시설",24,0,2,0,0,24,0,0,0,0,0,0,24,272.4,,,,,,,,,1,,0,0,,0,,0,20220909
경기도 수원시 팔달구 우만동 509-11번지,41115,14000,0,0509,0011,10841100385748,2,집합,1,총괄표제부,1,신대장,,,,,,0,,,0,0,0,677,400.44,59.15,1319.9,1319.9,194.96,02000,공동주택,도시형생활주택(단지형다세대),24,0,2,0,0,23,0,0,0,0,0,0,23,260.9,20170512,20170517,20171128,2017,3770030,건축과,1101,1101,0,,0,0,,0,,0,20220909
경기도 수원시 팔달구 우만동 509-12번지,41115,14000,0,0509,0012,10841100401610,2,집합,1,총괄표제부,1,신대장,,,,,,0,,,0,0,0,717,402.82,56.18,1315.03,1315.03,183.41,02000,공동주택,도시형생활주택(단지형다세대),23,0,2,0,0,23,0,0,0,0,0,0,23,261.4,20170830,20170908,20180417,2017,3770030,건축과,1101,1101,0,,0,0,,0,,0,20220909
경기도 수원시 팔달구 우만동 509-13번지,41115,14000,0,0509,0013,10841100411509,2,집합,1,총괄표제부,1,신대장,경기도 수원시 팔달구 경수대로 650 (우만동),,,,,0,411152012008,14002,0,650,,718.2,402.82,56.09,1315.99,1315.99,183.23,02000,공동주택,도시형생활주택(단지형다세대),23,0,2,0,0,23,0,0,0,0,0,0,23,261.4,20170830,20171026,20180816,2017,3770030,건축과,1101,1101,0,,0,0,,0,,0,20220909
경기도 수원시 팔달구 우만동 509-14번지,41115,14000,0,0509,0014,10841100420459,2,집합,1,총괄표제부,1,신대장,,,,,,0,,,0,,,717.7,402.82,56.13,1315.02,1315.02,183.23,02000,공동주택,도시형생활주택(단지형다세대),23,0,2,0,0,23,0,0,0,0,0,0,23,261.4,20170919,20171206,20181219,2017,3770030,건축과,1101,1101,0,,0,0,,0,,0,20220909
경기도 수원시 팔달구 우만동 509-21번지,41115,14000,0,0509,0021,10841100401028,2,집합,1,총괄표제부,1,신대장,,,,,,0,,,0,0,0,717.7,402.82,56.13,1314.3,1314.3,183.13,02000,공동주택,도시형생활주택(단지형다세대),24,0,2,0,0,23,0,0,0,0,0,0,23,261.4,20170607,20170616,20180323,2017,3770030,건축과,1101,1101,0,,0,0,,0,,0,20220909
경기도 수원시 팔달구 우만동 509-25번지,41115,14000,0,0509,0025,10841100424111,2,집합,1,총괄표제부,1,신대장,,,,,,0,,,0,,,681,402.82,59.15,1317.14,1317.14,193.41,02000,공동주택,도시형생활주택(단지형다세대),24,0,2,0,0,24,0,0,0,0,0,0,24,272.4,20170919,20180307,20190305,2017,3770030,건축과,1101,1101,0,,0,0,,0,,0,20220909
경기도 수원시 팔달구 우만동 514-14번지,41115,14000,0,0514,0014,10841167231,2,집합,1,총괄표제부,0,구대장,경기도 수원시 팔달구 경수대로642번길 61-6 (우만동),현대빌라,,,,0,411154328032,14001,0,61,6,436.7,194.88,44.62,760.32,570.24,130.57,02000,공동주택,다세대주택,16,0,2,0,0,0,0,0,0,0,0,0,0,0,,,,,,,,,0,,0,0,,0,,0,20220909
경기도 수원시 팔달구 우만동 519번지,41115,14000,0,0519,0000,10841100272569,1,일반,1,총괄표제부,1,신대장,,,,,,0,,,0,,,1411.5,407.32,28.86,1761.43,1313.18,93.03,04000,제2종근린생활시설,근린생활시설,0,0,2,0,0,27,0,0,0,0,0,0,27,310.5,,,,2012,3770030,건축과,1202,1202,0,,0,0,,0,,0,20220909
경기도 수원시 팔달구 우만동 519-11번지,41115,14000,0,0519,0011,10841167149,2,집합,1,총괄표제부,0,구대장,경기도 수원시 팔달구 월드컵로311번길 11-7 (우만동),락토빌라,,,,0,411154328218,14001,0,11,7,398.7,223.86,56.15,890.4,666.54,167.18,02000,공동주택,다세대주택,16,0,2,0,0,0,0,0,0,0,0,0,0,0,,,,,,,,,0,,0,0,,0,,0,20220909
경기도 수원시 팔달구 우만동 519-12번지,41115,14000,0,0519,0012,10841167150,2,집합,1,총괄표제부,0,구대장,경기도 수원시 팔달구 월드컵로311번길 11-11 (우만동),락토빌라,,,,0,411154328218,14001,0,11,11,398.7,223.86,56.15,890.4,666.54,167.18,02000,공동주택,다세대주택,16,0,2,0,0,0,0,0,0,0,0,0,0,0,,,,,,,,,0,,0,0,,0,,0,20220909
경기도 수원시 팔달구 우만동 522-13번지,41115,14000,0,0522,0013,10841100173351,1,일반,1,총괄표제부,1,신대장,경기도 수원시 팔달구 팔달문로163번길 32 (우만동),,,,,0,411154328397,14001,0,32,0,169.6,97.12,57.26,225.14,170.92,100.78,01000,단독주택,"단독주택, 근린생활시설",0,2,2,0,0,0,0,0,0,0,0,0,0,0,,,,,,,,,0,,0,0,,0,,0,20220909
경기도 수원시 팔달구 우만동 530-25번지,41115,14000,0,0530,0025,10841167151,2,집합,1,총괄표제부,0,구대장,경기도 수원시 팔달구 팔달문로 155 (우만동),대영빌라,,,,0,411153176015,14005,0,155,0,450,210.72,46.82,632.16,421.44,93.65,02000,공동주택,다세대주택,12,0,2,0,0,0,0,0,0,0,0,0,0,0,,,,,,,,,0,,0,0,,0,,0,20220909
경기도 수원시 팔달구 우만동 531-24번지,41115,14000,0,0531,0024,10841167152,2,집합,1,총괄표제부,0,구대장,경기도 수원시 팔달구 팔달문로 173 (우만동),은행빌라,,,,0,411153176015,14005,0,173,0,0,191.58,0,650.76,467.1,0,02000,공동주택,다세대주택,14,0,2,0,0,0,0,0,0,0,0,0,0,0,,,,,,,,,0,,0,0,,0,,0,20220909
경기도 수원시 팔달구 우만동 533번지,41115,14000,0,0533,0000,10841167358,1,일반,1,총괄표제부,1,신대장,경기도 수원시 팔달구 월드컵로 293 (우만동),동성중학교,,,,0,411153177012,14001,0,293,,11473.5,2414.03,21.04,8036.21,7956.56,69.34,10000,교육연구시설,교육연구및복지시설,0,0,2,3,727.16,0,0,0,0,0,0,0,0,0,,,19960314,,,,,,0,,0,0,,0,,0,20240703
경기도 수원시 팔달구 우만동 533-1번지,41115,14000,0,0533,0001,10841167386,2,집합,1,총괄표제부,1,신대장,경기도 수원시 팔달구 팔달문로 183 (우만동),동도센트리움아파트,,,,0,411153176015,14005,0,183,,5386.9,1055.329,19.59,16633.968,12385.423,229.92,02000,공동주택,공동주택(아파트),115,0,2,3,4119.229,120,0,0,0,0,114,3873.269,6,74,20050929,20051214,20070619,2005,9750028,,2101,2101,0,,0,0,,0,,0,20220909
경기도 수원시 팔달구 우만동 552-1번지,41115,14000,0,0552,0001,10841167354,1,일반,1,총괄표제부,1,신대장,경기도 수원시 팔달구 팔달문로 154 (우만동),,,,,0,411153176015,14005,0,154,0,359.4,186.53,51.9,475.69,347.21,96.61,01000,단독주택,"단독주택, 근린생활시설",0,1,2,0,0,0,0,0,0,0,0,0,0,0,,,,,,,,,0,,0,0,,0,,0,20220909
경기도 수원시 팔달구 우만동 561-7번지,41115,14000,0,0561,0007,10841167292,1,일반,1,총괄표제부,1,신대장,경기도 수원시 팔달구 중부대로143번길 15 (우만동),,,,,0,411154328306,14001,0,15,0,327,176.2,53.88,733.17,568.63,173.89,04000,제2종근린생활시설,"근린생활시설,주택",0,2,2,0,0,0,0,0,0,0,0,0,0,0,19891101,,19900620,,,,,,0,,0,0,,0,,0,20220909
경기도 수원시 팔달구 우만동 561-8번지,41115,14000,0,0561,0008,10841167368,2,집합,1,총괄표제부,1,신대장,경기도 수원시 팔달구 팔달문로130번길 69 (우만동),아이월드,,,,0,411154328391,14001,0,69,0,1919.9,1149.86,59.89,6118.3,4795.71,249.79,03000,제1종근린생활시설,"업무시설,교육연구및복지시설,근린생활시설,운동시설",0,0,2,0,0,39,0,0,0,0,35,0,4,43.65,20030621,20030622,20040812,2003,,,1101,1101,0,,0,0,,0,,0,20220909
경기도 수원시 팔달구 우만동 582번지,41115,14000,0,0582,0000,10841100243133,1,일반,1,총괄표제부,1,신대장,,미래로가는길,,,,0,,,0,0,0,19883.9,4276.2,21.5,13664.55,9643.09,48.497,10000,교육연구시설,"교육연구시설(교육원),자동차관련시설(주차장), 근린생활시설",0,0,4,0,0,144,0,0,0,0,85,1038,59,708.5,,,,,,,,,0,,0,0,,0,,0,20260106
경기도 수원시 팔달구 우만동 600번지,41115,14000,0,0600,0000,10841167286,2,집합,1,총괄표제부,1,신대장,경기도 수원시 팔달구 권광로 373 (우만동),월드메르디앙 아파트,,,,0,411153175009,14001,0,373,,114637.9,14553.387,12.7,364809.835,275310.547,240.16,02000,공동주택,"공동주택,아파트, 근린생활시설",2063,0,16,5,89257.955,2808,0,0,0,0,2454,83929.692,354,0,20010813,20010907,20040614,2001,,,2101,2101,0,,0,0,,0,,0,20250713
경기도 수원시 팔달구 우만동 606번지,41115,14000,0,0606,0000,10841167355,2,집합,1,총괄표제부,1,신대장,경기도 수원시 팔달구 중부대로183번길 27 (우만동),동수원신도브래뉴,,,,0,411154328310,14001,0,27,0,9980.9,2184.4042,21.89,28577.3609,22620.2209,226.64,02000,공동주택,공동주택(아파트),200,0,5,4,6078.1376,205,0,0,0,0,174,5764.01,31,376.5,20050718,20050826,20070821,2005,,,2101,2101,0,,0,0,,0,,0,20220909
경기도 수원시 팔달구 우만동 607번지,41115,14000,0,0607,0000,10841100283882,2,집합,1,총괄표제부,1,신대장,,수원광교 양우 내안애 애플 아파트,,,,0,,,0,,,2990.2,1033.38,34.56,10320.88,6872.26,229.83,02000,공동주택,"공동주택(아파트),제1종근린생활시설",284,0,2,0,0,143,0,0,0,0,83,2732.71,60,705,20120214,20120420,20130903,2012,3740194,주택건축과,2101,2101,1,,0,0,,0,,0,20220909
경기도 수원시 팔달구 인계동 159번지,41115,14100,0,0159,0000,10841167172,2,집합,1,총괄표제부,0,구대장,경기도 수원시 팔달구 권광로317번길 15 (인계동),선경아파트,,,,0,411154328103,14101,0,15,,21073,4084.9,19.38,74088.454,58890.86,279.46,02000,공동주택,아파트,604,0,9,0,0,618,0,0,0,0,383,0,235,0,,,,,,,,,0,,0,0,,0,,0,20220909
경기도 수원시 팔달구 인계동 163번지,41115,14100,0,0163,0000,10841167173,2,집합,1,총괄표제부,0,구대장,경기도 수원시 팔달구 권광로317번길 12 (인계동),선경아파트,,,,0,411154328103,14101,0,12,,13890,9314.096,67.06,38627.21,36055.76,259.58,02000,공동주택,공동주택,360,0,5,0,0,278,0,0,0,0,118,0,160,0,,,,,,,,,0,,0,0,,0,,0,20220909
경기도 수원시 팔달구 인계동 208-5번지,41115,14100,0,0208,0005,10841167176,1,일반,1,총괄표제부,0,구대장,경기도 수원시 팔달구 중부대로 100 (인계동),,,,,1,411152012012,14107,0,100,,1831.3,618.13,33.75,4020.82,2823.19,154.16,14000,업무시설,"근린생활시설, 업무시설, 주택",0,1,2,0,0,31,0,0,0,0,14,0,17,0,,,,,,,,,0,,0,0,,0,,0,20220909
경기도 수원시 팔달구 인계동 209-7번지,41115,14100,0,0209,0007,10841167174,2,집합,1,총괄표제부,0,구대장,경기도 수원시 팔달구 경수대로565번길 26 (인계동),CJ아파트(101동),,,,0,411154328029,14101,0,26,0,5741,1572.703,27.39,21380.98,16609.28,289.31,02000,공동주택,공동주택[아파트],211,0,1,2,157.686,212,0,0,0,0,129,1483.5,83,997,,,,,,,,,0,,0,0,,0,,0,20220909
경기도 수원시 팔달구 인계동 241-32번지,41115,14100,0,0241,0032,10841167348,1,일반,1,총괄표제부,1,신대장,경기도 수원시 팔달구 중부대로 90 (인계동),,,,,0,411152012012,14107,0,90,0,273,127.67,46.77,127.67,127.67,46.77,03000,제1종근린생활시설,"주택, 근린생활시설",0,0,2,0,0,0,0,0,0,0,0,0,0,0,,,,,,,,,0,,0,0,,0,,0,20220909
경기도 수원시 팔달구 인계동 249-1번지,41115,14100,0,0249,0001,10841167179,1,일반,1,총괄표제부,1,신대장,경기도 수원시 팔달구 세지로 254 (인계동),수원공업고등학교,,,,5,411153175031,14103,0,254,,53456,8058.79,15.07,22784.15,22784.15,42.62,Z8000,교육연구및복지시설,교육연구시설,0,0,12,2,18,113,0,0,0,0,0,0,113,1299.5,,,,,,,,,0,,0,0,,0,,0,20220909
경기도 수원시 팔달구 인계동 257-2번지,41115,14100,0,0257,0002,10841167288,1,일반,1,총괄표제부,1,신대장,경기도 수원시 팔달구 장다리로245번길 12 (인계동),인계초등학교,,,,1,411154328252,14101,0,12,,16575,1947.83,11.75,5382.58,5208.97,31.43,10000,교육연구시설,교육연구시설,0,0,3,1,5.6,49,0,0,0,0,0,0,32,373,,,,,,,,,0,,0,0,,0,,0,20260313
경기도 수원시 팔달구 인계동 261-1번지,41115,14100,0,0261,0001,10841167157,2,집합,1,총괄표제부,0,구대장,경기도 수원시 팔달구 장다리로 269 (인계동),장안아파트,,,,0,411153175043,14101,0,269,0,3241,853.44,26.33,13092.51,10392.99,320.67,02000,공동주택,아파트및생활편익시설,102,0,2,0,0,102,0,0,0,0,72,1820,30,345,,,,,,,,,0,,0,0,,0,,0,20220909
경기도 수원시 팔달구 인계동 303-3번지,41115,14100,0,0303,0003,10841100210824,2,집합,1,총괄표제부,1,신대장,경기도 수원시 팔달구 장다리로306번길 45 (인계동),수정아파트,,,,3,411154328255,14101,0,45,,5116,1660.65,32.45,23689.38,20225.46,395.33,,,,166,0,2,3,207.59,102,38,285,0,0,34,2408.71,30,450,19901224,,20090216,,,,,,0,,0,0,,0,,0,20220909
경기도 수원시 팔달구 인계동 334-1번지,41115,14100,0,0334,0001,10841100226282,1,일반,1,총괄표제부,1,신대장,경기도 수원시 팔달구 권광로 293 (인계동),,,,,56,411153175009,14102,0,293,0,241200,9606.61,3.98,19162.86,11729.53,4.87,05000,문화및집회시설,문화및집회시설,0,0,4,3,146.2,98,0,0,0,0,0,0,98,0,19930713,19930721,19991206,,,,,,0,,0,0,,0,,0,20220909
경기도 수원시 팔달구 인계동 371-1번지,41115,14100,0,0371,0001,10841167153,2,집합,1,총괄표제부,0,구대장,경기도 수원시 팔달구 권광로276번길 9 (인계동),삼성아파트,,,,1,411154328097,14101,0,9,,15917,4074.24,25.6,69583.68,53143.26,333.88,02000,공동주택,공동주택(아파트) 및 부대복리시설,582,0,5,2,10734.82,539,0,0,0,0,429,0,110,0,,,,,,,,,0,,0,0,,0,,0,20220909
경기도 수원시 팔달구 인계동 374-14번지,41115,14100,0,0374,0014,10841167156,2,집합,1,총괄표제부,0,구대장,경기도 수원시 팔달구 권광로276번길 45 (인계동),신미주아파트,,,,2,411154328097,14101,0,45,0,5087,1334.56,26.23,13174.04,10602.22,208.42,02000,공동주택,"아파트및상가, 근린생활시설",113,0,2,4,1702.48,113,0,0,0,0,61,1478.64,52,635.95,,,,,,,,,0,,0,0,,0,,0,20220909
경기도 수원시 팔달구 인계동 384번지,41115,14100,0,0384,0000,10841100215944,2,집합,1,총괄표제부,1,신대장,경기도 수원시 팔달구 권광로 246 (인계동),래미안 노블클래스,,,,0,411153175009,14102,0,246,,44829.2,8448.44,18.85,156937.38,111169.99,247.99,02000,공동주택,공동주택(아파트),892,0,17,4,45679.98,1338,0,0,0,0,1260,42782.41,78,962,20050509,20061109,20090826,2009,3740000,수원시,5809,5809,0,,0,0,,0,,0,20230919
경기도 수원시 팔달구 인계동 452-42번지,41115,14100,0,0452,0042,10841100323398,1,일반,1,총괄표제부,1,신대장,,,,,,4,,,0,0,0,1359,309.76,22.79,391.53,391.53,28.81,19000,위험물저장및처리시설,"위험물저장및처리시설, 근린생활시설",0,0,2,0,0,2,0,0,0,0,0,0,2,23,20150128,20150205,20150612,2015,3770030,건축과,1101,1101,0,,0,0,,0,,0,20220909
경기도 수원시 팔달구 인계동 465번지,41115,14100,0,0465,0000,10841100215460,2,집합,1,총괄표제부,1,신대장,경기도 수원시 팔달구 권광로 243 (인계동),래미안 노블클래스,,,,0,411153175009,14102,0,243,,22141.6,3947.36,17.83,78008.65,55068.48,248.71,02000,공동주택,공동주택(아파트),459,0,9,4,22989.79,584,0,0,0,0,553,21429.35,31,381.5,20050509,20061109,20090826,2009,3740000,수원시,5809,5809,0,,0,0,,0,,0,20220909
경기도 수원시 팔달구 인계동 468번지,41115,14100,0,0468,0000,10841167382,1,일반,1,총괄표제부,1,신대장,경기도 수원시 팔달구 인계로 123 (인계동),KBS수원드라마센타,,,,69,411153176010,14102,0,123,0,168995,31022.86,18.36,75460.47,53783.55,31.83,24000,방송통신시설,"방송통신시설,교육연구시설,문화및집회시설",0,0,8,0,0,817,0,0,0,0,415,4772.5,402,4623,,,,,,,,,0,,0,0,,0,,0,20220909
경기도 수원시 팔달구 인계동 743-9번지,41115,14100,0,0743,0009,10841100274628,2,집합,1,총괄표제부,1,신대장,,네오하이츠빌,,,,0,,,0,,,986,625.83,63.47,2574.76,2574.76,261.13,02000,공동주택,"다세대주택,업무시설(오피스텔),근린생활시설(사무소)",24,0,3,0,0,30,0,0,0,0,30,0,0,0,20120321,20120324,20130314,2012,3740194,주택건축과,1101,1101,8,,0,0,,0,,0,20220909
경기도 수원시 팔달구 인계동 743-80번지,41115,14100,0,0743,0080,10841100200753,1,일반,1,총괄표제부,1,신대장,,,,,,0,,,0,,,0,219.49,0,279.47,268.99,0,01000,단독주택,단독주택,0,6,3,0,0,0,0,0,0,0,0,0,0,0,,,,,,,,,0,,0,0,,0,,0,20220909
경기도 수원시 팔달구 인계동 746-1번지,41115,14100,0,0746,0001,10841100324038,1,일반,1,총괄표제부,1,신대장,,동성직업전문학교,,,,0,,,0,0,0,551,403.95,73.31,2962.73,2769.52,502.64,10000,교육연구시설,교육연구시설,0,0,2,0,0,14,0,0,7,0,7,85.5,0,0,19980923,19981005,19990121,,,,,,0,,0,0,,0,,0,20220909
경기도 수원시 팔달구 인계동 750-66번지,41115,14100,0,0750,0066,10841100209922,1,일반,1,총괄표제부,1,신대장,경기도 수원시 팔달구 중부대로 46 (인계동),,,,,1,411152012012,14107,0,46,0,0,0,0,1051.88,0,0,,,,0,0,2,0,0,0,0,0,0,0,0,0,0,0,,,,,,,,,0,,0,0,,0,,0,20220909
경기도 수원시 팔달구 인계동 773-11번지,41115,14100,0,0773,0011,10841100365146,1,일반,1,총괄표제부,1,신대장,,,,,,0,,,0,0,0,325,136.44,41.98,338.76,338.76,104.23,03000,제1종근린생활시설,근린생활시설,0,0,2,0,0,2,0,0,0,0,0,0,2,23,,,,,,,,,0,,0,0,,0,,0,20220909
경기도 수원시 팔달구 인계동 865-10번지,41115,14100,0,0865,0010,10841100210183,2,집합,1,총괄표제부,1,신대장,경기도 수원시 팔달구 세지로 211 (인계동),인계 파밀리에,,,,0,411153175031,14103,0,211,0,19041.9,3384.2,17.77,63288.48,47448.67,249.18,02000,공동주택,아파트,431,0,8,8,15474.31,506,0,0,0,0,409,14570.34,97,0,20050517,20061205,20090604,2005,3740058,건축과,2101,2101,0,,0,0,,0,,0,20220909
경기도 수원시 팔달구 인계동 945번지,41115,14100,0,0945,0000,10841100209960,2,집합,1,총괄표제부,1,신대장,경기도 수원시 팔달구 경수대로 534 (인계동),인계극동스타클래스,,,,0,411152012008,14103,0,534,0,7650.7,1700.005,22.22,24880.726,17595.912,229.99,02000,공동주택,222,165,0,4,6,6897.669,167,0,0,0,0,167,6032.993,0,0,20070504,20070611,20090602,2007,3740058,건축과,2101,2101,0,,0,0,,0,,0,20220909
경기도 수원시 팔달구 인계동 949번지,41115,14100,0,0949,0000,10841100323697,2,집합,1,총괄표제부,1,신대장,,,,,,0,,,0,0,0,534.7,279.4,52.25,1146.5,917.2,171.54,02000,공동주택,다세대주택,15,0,2,0,0,8,0,0,0,0,0,0,8,92,19930111,19930326,19930927,,,,,,0,,0,0,,0,,0,20220909
경기도 수원시 팔달구 인계동 960-5번지,41115,14100,0,0960,0005,10841100337632,1,일반,1,총괄표제부,1,신대장,,,,,,0,,,0,0,0,488.2,175.76,36,175.76,175.76,36,04000,제2종근린생활시설,근린생활시설,0,0,3,0,0,5,0,0,0,0,0,0,5,60,19921103,19921111,19930106,,,,,,0,,0,0,,0,,0,20220909
경기도 수원시 팔달구 인계동 960-9번지,41115,14100,0,0960,0009,10841100283622,1,일반,1,총괄표제부,1,신대장,,,,,,0,,,0,,,810.7,323.5,39.9,439.99,401.68,49.55,04000,제2종근린생활시설,"근린생활시설,단독주택",1,0,2,1,6.51,7,0,0,0,0,0,0,7,80.5,20120814,20120831,20130823,2012,3770030,건축과,1102,1102,0,,0,0,,0,,0,20220909
경기도 수원시 팔달구 인계동 961번지,41115,14100,0,0961,0000,10841167158,1,일반,1,총괄표제부,0,구대장,경기도 수원시 팔달구 경수대로507번길 12-23 (인계동),,,,,0,411154328024,14101,0,12,23,833.9,163.13,19.56,163.13,163.13,19.56,04000,제2종근린생활시설,"근린생활시설, 자동차관련시설",0,0,2,1,8,17,0,0,0,0,0,0,17,195.5,,,,,,,,,0,,0,0,,0,,0,20220909
경기도 수원시 팔달구 인계동 965-5번지,41115,14100,0,0965,0005,10841167342,1,일반,1,총괄표제부,1,신대장,경기도 수원시 팔달구 경수대로479번길 10-7 (인계동),,,,,0,411154328020,14101,0,10,7,660.3,372,56.34,453,414,62.7,18000,창고시설,"창고시설, 제2종근린생활시설",0,0,2,0,0,1,0,0,0,0,0,0,1,11.5,19890401,,19890720,,,,,,0,,0,0,,0,,0,20220909
경기도 수원시 팔달구 인계동 966-2번지,41115,14100,0,0966,0002,10841167159,1,일반,1,총괄표제부,0,구대장,경기도 수원시 팔달구 경수대로 487 (인계동),,,,,3,411152012008,14103,0,487,,1558.3,639,41.01,3520.21,2672.33,171.49,09000,의료시설,"의료시설, 노유자시설, 단독주택",0,1,3,0,0,27,0,0,0,0,2,44.55,25,287.5,,,,,,,,,0,,0,0,,0,,0,20220909
경기도 수원시 팔달구 인계동 975-2번지,41115,14100,0,0975,0002,10841100483411,1,일반,1,총괄표제부,1,신대장,경기도 수원시 팔달구 인계로 58 (인계동),,,,,0,411153176010,14102,0,58,,808.7,400.38,49.51,501.15,467.56,57.82,19000,위험물저장및처리시설,위험물저장및처리시설,0,0,2,0,0,1,0,0,0,0,1,12.5,0,0,20220502,20220512,20220526,2022,3770030,건축과,1202,1202,0,,0,0,,0,,0,20220909
경기도 수원시 팔달구 인계동 982-2번지,41115,14100,0,0982,0002,10841167163,1,일반,1,총괄표제부,0,구대장,경기도 수원시 팔달구 장다리로 201 (인계동),,,,,1,411153175043,14101,0,201,0,1004.3,600.81,59.82,4700.8,3931.69,391.49,14000,업무시설,"업무시설, 단독주택, 제1종근린생활시설, 제2종근린생활시설",0,1,2,0,0,27,0,0,0,0,16,390.74,11,126.5,,,,,,,,,0,,0,0,,0,,0,20220909
경기도 수원시 팔달구 인계동 986-3번지,41115,14100,0,0986,0003,10841100484851,1,일반,1,총괄표제부,1,신대장,경기도 수원시 팔달구 세지로 192-1 (인계동),,,,,0,411153175031,14103,0,192,1,468.9,146.72,31.290253,280.67,243.78,51.989763,01000,단독주택,"주택,근린생활시설",0,2,2,1,0.9,4,0,0,0,0,0,0,4,280.67,,,,,,,,,0,,0,0,,0,,0,20220909
경기도 수원시 팔달구 인계동 1011-6번지,41115,14100,0,1011,0006,10841167165,1,일반,1,총괄표제부,0,구대장,경기도 수원시 팔달구 장다리로 168 (인계동),,,,,0,411153175043,14101,0,168,0,703.7,376.91,53.56,376.91,376.91,53.56,03000,제1종근린생활시설,제1종근린생활시설,0,0,2,0,0,1,0,0,0,0,0,0,1,11.5,,,,,,,,,0,,0,0,,0,,0,20220909
경기도 수원시 팔달구 인계동 1024-14번지,41115,14100,0,1024,0014,10841167167,1,일반,1,총괄표제부,0,구대장,경기도 수원시 팔달구 경수대로446번길 35 (인계동),,,,,0,411154328017,14101,0,35,0,662,322,48.64,322,322,48.64,04000,제2종근린생활시설,제2종근린생활시설,0,0,2,0,0,3,0,0,0,0,0,0,3,34.5,,,,,,,,,0,,0,0,,0,,0,20220909
경기도 수원시 팔달구 인계동 1030-7번지,41115,14100,0,1030,0007,10841167384,1,일반,1,총괄표제부,1,신대장,경기도 수원시 팔달구 권광로175번길 62 (인계동),호텔코리아,,,,0,411154328088,14101,0,62,,906.5,675.52,74.52,5211.28,4531.36,499.87,15000,숙박시설,기타관광숙박시설,0,0,2,0,0,20,0,0,0,0,14,292.26,6,69,20021023,20021107,20040120,,,,,,0,,0,0,,0,,0,20220909
경기도 수원시 팔달구 인계동 1046-2번지,41115,14100,0,1046,0002,10841167170,1,일반,1,총괄표제부,0,구대장,경기도 수원시 팔달구 권광로 169 (인계동),,,,,0,411153175009,14102,0,169,0,1169.7,766.82,65.56,4384.08,3991.68,341.26,03000,제1종근린생활시설,"숙박시설, 제1종근린생활시설, 제2종근린생활시설",0,0,2,0,0,29,0,0,0,0,29,851.2,0,0,,,,,,,,,0,,0,0,,0,,0,20220909
경기도 수원시 팔달구 인계동 1111번지,41115,14100,0,1111,0000,10841167371,1,일반,1,총괄표제부,1,신대장,경기도 수원시 팔달구 효원로 241 (인계동),수원시청,,,,0,411153176021,14105,0,241,0,21677.4,6692.85,30.87,40420,23383.57,107.87,14000,업무시설,업무시설(공공업무시설),0,0,2,0,0,451,0,0,0,0,356,0,95,0,19851017,,19871113,,,,,,0,,0,0,,0,,0,20230807
경기도 수원시 팔달구 인계동 1115-21번지,41115,14100,0,1115,0021,10841167171,1,일반,1,총괄표제부,0,구대장,경기도 수원시 팔달구 권광로196번길 17-10 (인계동),,,,,0,411154328092,14101,0,17,10,481.2,344.88,71.67,344.88,344.88,71.67,20000,자동차관련시설,자동차관련시설,0,0,2,0,0,1,0,0,0,0,0,0,1,11.5,,,,,,,,,0,,0,0,,0,,0,20220909
경기도 수원시 팔달구 인계동 1117번지,41115,14100,0,1117,0000,10841167367,1,일반,1,총괄표제부,1,신대장,경기도 수원시 팔달구 동수원로 399 (인계동),,,,,0,411153175016,14101,0,399,,141640.29,11323.29,7.994399,39172.62,18719.96,13.21655,05000,문화및집회시설,"문화및집회시설,제2종근린생활시설,자동차관련시설",0,0,5,0,0,0,0,0,0,0,416,11276.6,220,4912,,,,,,,,,0,,0,0,,0,,0,20220909
경기도 수원시 팔달구 인계동 1118-10번지,41115,14100,0,1118,0010,10841100413629,2,집합,1,총괄표제부,1,신대장,,,,,,0,,,0,,,0,0,0,0,0,0,,,,0,0,0,0,0,0,0,0,0,0,0,0,0,0,,,,,,,,,0,,0,0,,0,,0,20220909
경기도 수원시 팔달구 인계동 1119번지,41115,14100,0,1119,0000,10841167093,2,집합,1,총괄표제부,1,신대장,경기도 수원시 팔달구 인계로166번길 48-21 (인계동),인계샤르망오피스텔,,,,0,411154331157,14101,0,48,21,2495.5,1753.05,70.25,20540.5,16259.74,651.56,14000,업무시설,"업무시설,및 근린생활시설",0,0,1,0,0,131,0,0,0,0,131,4280.76,3,34.5,20020521,20020726,20040115,2002,,,1101,1101,0,,0,0,,0,,0,20220909
경기도 수원시 팔달구 인계동 1128번지,41115,14100,0,1128,0000,10841167347,1,일반,1,총괄표제부,1,신대장,경기도 수원시 팔달구 동수원로 335 (인계동),,,,,0,411153175016,14101,0,335,0,85132.2,3903.46,4.59,3910.04,2566.52,3.01,05000,문화및집회시설,관광휴게시설,0,0,8,4,123.16,0,0,0,0,0,0,0,0,0,,,,,,,,,0,,0,0,,0,,0,20220909
경기도 수원시 팔달구 인계동 1134-6번지,41115,14100,0,1134,0006,10841100214053,1,일반,1,총괄표제부,1,신대장,경기도 수원시 팔달구 권선로 741 (인계동),,,,,0,411153175010,14102,0,741,0,1509.9,812.1,53.79,5833.33,5038.22,333.68,14000,업무시설,,0,0,2,0,0,0,0,0,0,0,0,0,0,0,,,,,,,,,0,,0,0,,0,,0,20230911
경기도 수원시 팔달구 인계동 1168번지,41115,14100,0,1168,0000,10841100256057,2,집합,1,총괄표제부,1,신대장,,인계 희성연인,,,,0,,,0,,,4867.1,1839.2196,37.79,24043.5085,18301.1984,376.02,02000,공동주택,"공동주택(아파트),근린생활시설",140,0,2,3,5757.3101,159,0,0,0,0,140,5398.4623,19,0,20070903,20071128,20120504,2007,3740058,건축과,1101,1101,21,,0,0,,0,,0,20220909
경기도 수원시 팔달구 인계동 1169번지,41115,14100,0,1169,0000,10841100271307,2,집합,1,총괄표제부,1,신대장,,수원 인계 푸르지오,,,,0,,,0,,,5507.2,2367.55,42.99,36595.72,21773.27,395.36,02000,공동주택,"공동주택(아파트),판매시설(상점)",190,0,3,1,10546.71,236,0,0,0,0,230,0,6,0,20100118,20100503,20121218,2010,3740146,도시경관과,1101,1101,32,,0,0,,0,,0,20220909
경기도 수원시 팔달구 인계동 1170번지,41115,14100,0,1170,0000,10841100428731,2,집합,1,총괄표제부,1,신대장,경기도 수원시 팔달구 중부대로 80 (인계동),인계한양수자인,,,,0,411152012012,14107,0,80,,6987.4,3943.0033,56.43,42239.2733,27261.9984,390.16,02000,공동주택,공동주택(아파트),279,0,6,3,14595.2632,337,0,0,0,0,337,13502.2154,0,0,20160711,20161024,20190429,2016,3740282,건축과,1101,1101,45,,0,0,,0,,0,20220909
경기도 수원시 팔달구 인계동 1171번지,41115,14100,0,1171,0000,10841100456251,2,집합,1,총괄표제부,1,신대장,경기도 수원시 팔달구 중부대로220번길 10 (인계동),수원 인계동 동문굿모닝힐 아파트,,,,0,411154858666,14101,0,10,,8770.6,1368.2509,15.6,39683.0908,28751.5535,327.82,02000,공동주택,공동주택(아파트),298,0,4,7,10684.8142,334,0,0,0,0,328,9606.6022,6,69,20080118,20180214,20201125,2008,3740147,주택정책과,2101,2101,11,,0,0,,0,,0,20220909
경기도 수원시 팔달구 인계동 1173번지,41115,14100,0,1173,0000,1000000000000004983597,2,집합,1,총괄표제부,1,신대장,경기도 수원시 팔달구 인계로 21 (인계동),수원센트럴 아이파크자이,,,,0,411153176010,14102,0,21,0,129442,25522.97,19.72,493880.18,317110.16,244.98,02000,공동주택,공동주택(아파트),3432,0,34,21,175452.02,4681,0,0,0,0,4578,166281.76,11,432.01,20151214,20200618,20241014,,,,,,50,1+,100.7,0,4,0,,0,20250217
