아파트명,소재지도로명주소,소재지지번주소,위도,경도,층수,관리사무소전화번호,팩스번호,세대수,사업승인일,사용검사일,데이터기준일자
파장삼익,"경기도 수원시 장안구 경수대로 1102 (파장동, 삼익아파트)",경기도 수원시 장안구 파장동 528-8,37.3108,126.9928,11,031-255-8552,031-268-8553,220,1972-03-02,1978-10-30,2025-08-15
문화맨션,"경기도 수원시 팔달구 정조로 659 (매교동, 문화맨션)",경기도 수원시 팔달구 매교동 158-6,37.2677,127.0161,12,031-232-3783,031-232-3783,175,1978-05-23,1979-05-30,2025-08-15
신반포,"경기도 수원시 팔달구 장다리로306번길 13 (인계동, 신반포아파트)",경기도 수원시 팔달구 인계동 319-6,37.2739,127.0312,12,031-232-7138,031-236-2138,1185,1980-08-27,1983-12-22,2025-08-15
우만현대,"경기도 수원시 팔달구 권광로364번길 7-2 (우만동, 현대아파트)",경기도 수원시 팔달구 우만동 129-9,37.2803,127.038,5,031-211-6383,031-212-5220,404,1984-06-18,1985-06-28,2025-08-15
동신1차,"경기도 수원시 장안구 장안로 232 (정자동, 동신아파트) ",경기도 수원시 장안구 정자동 839-27,37.3044,126.9935,15,031-244-2447,031-244-2417,1548,1986-04-04,1987-05-30,2025-08-15
원천주공,"경기도 수원시 영통구 중부대로271번길 27-9 (원천동, 주공아파트)",경기도 수원시 영통구 원천동 64-9,37.2763,127.0468,15,031-211-6535,031-211-6292,1320,1987-07-14,1987-08-14,2025-08-15
동남,"경기도 수원시 권선구 여기산로 54 (서둔동, 동남아파트)",경기도 수원시 권선구 서둔동 361,37.283,126.9803,5,031-291-5671,031-891-5671,380,1987-12-03,1987-12-03,2025-08-15
성일,"경기도 수원시 권선구 여기산로 42 (서둔동, 성일아파트)",경기도 수원시 권선구 서둔동 361-1,37.2806,126.9788,5,031-292-5670,031-305-5670,370,1987-03-27,1987-12-03,2025-08-15
동신2차,"경기도 수원시 장안구 장안로 211 (정자동, 동신아파트)",경기도 수원시 장안구 정자동 395-3,37.3015,126.9941,12~15,031-252-1406,031-302-3867,1992,1986-04-04,1988-05-10,2025-08-15
우만주공1단지,"경기도 수원시 팔달구 중부대로223번길 102 (우만동, 주공1단지아파트)",경기도 수원시 팔달구 우만동 33,37.2823,127.0389,5,031-212-7120,031-211-6120,500,1987-05-30,1988-05-30,2025-08-15
우만풍림,"경기도 수원시 팔달구 세지로 439-13 (우만동, 풍림아파트)",경기도 수원시 팔달구 우만동 497,37.2873,127.0319,5,031-255-0930,031-257-2997,390,1986-12-20,1988-06-02,2025-08-15
미영,"경기도 수원시 권선구 정조로 432 (세류동, 미영아파트)",경기도 수원시 권선구 세류동 1147,37.2475,127.0145,4,031-238-3443,031-234-7939,600,1986-06-05,1988-06-20,2025-08-15
삼성1차,"경기도 수원시 영통구 인계로 219 (매탄동, 삼성1차아파트)",경기도 수원시 영통구 매탄동 810-3,37.2656,127.0414,15,031-212-2650,031-216-2305,930,1988-10-07,1988-10-27,2025-08-15
매탄동남,"경기도 수원시 영통구 동수원로 432 (매탄동, 동남아파트)",경기도 수원시 영통구 매탄동 810-2,37.2673,127.0426,15,031-213-2288,031-213-5618,892,1988-05-01,1989-07-05,2025-08-15
매탄현대,"경기도 수원시 영통구 동수원로 448 (매탄동, 현대아파트)",경기도 수원시 영통구 매탄동 810-1,37.2688,127.0428,15,031-212-1114,031-211-4472,690,1988-03-14,1989-07-06,2025-08-15
조원벽산,"경기도 수원시 장안구 조원로 16 (조원동, 벽산아파트)",경기도 수원시 장안구 조원동 510-1,37.2969,127.0214,10,031-247-7196,031-247-7197,740,1989-07-18,1989-07-18,2025-08-15
우만주공2단지,"경기도 수원시 팔달구 중부대로223번길 54-13 (우만동, 우만주공2단지아파트)",경기도 수원시 팔달구 우만동 32-1,37.2775,127.0418,15,031-212-3380,031-211-5130,984,1987-10-01,1989-07-23,2025-08-15
삼성2차,"경기도 수원시 영통구 매영로 10 (매탄동, 삼성2차아파트)",경기도 수원시 영통구 매탄동 810,37.2701,127.0434,13,031-211-4265,031-215-2885,624,1988-04-28,1989-07-27,2025-08-15
매탄성일,"경기도 수원시 영통구 인계로 239 (매탄동, 매탄성일아파트)",경기도 수원시 영통구 매탄동 810-4,37.2651,127.0433,15,031-213-8883,031-213-1223,990,1988-04-01,1989-08-25,2025-08-15
정자현대,"경기도 수원시 장안구 정자천로188번길 71-21 (정자동, 현대아파트)",경기도 수원시 장안구 정자동 30-1,37.2942,126.9987,10,031-255-9123,031-307-9122,227,1989-12-14,1989-12-14,2025-08-15
동신3차,"경기도 수원시 장안구 장안로 199 (정자동, 동신아파트)",경기도 수원시 장안구 정자동 304,37.3006,126.9952,15,031-245-2824,031-245-5845,330,1989-02-25,1989-12-15,2025-08-15
그린맨션,"경기도 수원시 장안구 만석로159번길 77 (정자동, 그린맨션아파트)",경기도 수원시 장안구 정자동 417,37.3049,126.9957,13~15,031-244-7366,031-244-7365,282,1988-10-29,1990-02-02,2025-08-15
동진맨션,"경기도 수원시 장안구 정조로1060번길 5 (송죽동, 동진맨션아파트)",경기도 수원시 장안구 송죽동 465,37.3012,127.0046,15,031-248-1327,031-248-1327,180,1989-03-05,1990-04-12,2025-08-15
현대,"경기도 수원시 권선구 세지로 97 (세류동, 현대아파트)",경기도 수원시 권선구 세류동 846-1,37.2605,127.0178,10,031-237-3389,031-237-3387,276,1989-02-28,1990-04-30,2025-08-15
선경,"경기도 수원시 권선구 여기산로 19 (구운동, 선경아파트)",경기도 수원시 권선구 구운동 466,37.2791,126.978,10,031-293-5886,031-8002-5886,260,1989-05-20,1990-05-24,2025-08-15
임광,"경기도 수원시 영통구 동수원로 316 (매탄동, 임광아파트)",경기도 수원시 영통구 매탄동 1162,37.2584,127.0383,15,031-237-7374,031-238-1884,1320,1989-06-23,1990-12-28,2025-08-15
강남,"경기도 수원시 권선구 수성로 18 (구운동, 강남아파트)",경기도 수원시 권선구 구운동 463,37.282,126.9761,10~15,031-294-0744,031-293-5626,552,1989-09-18,1991-02-12,2025-08-15
삼환,"경기도 수원시 권선구 수성로 47 (구운동, 삼환아파트)",경기도 수원시 권선구 구운동 462,37.2833,126.9788,15,031-296-0863,031-292-8349,1680,1989-10-17,1991-04-16,2025-08-15
화남2차,"경기도 수원시 장안구 파장천로44번길 33 (파장동, 화남아파트)",경기도 수원시 장안구 파장동 470,37.3091,126.998,11,031-251-8188, 031-252-8189,203,1991-05-01,1991-05-24,2025-08-15
정자신미주,"경기도 수원시 장안구 수성로275번길 133 (정자동, 신미주아파트)",경기도 수원시 장안구 정자동 29-1,37.2952,126.9981,15,031-252-8762,031-244-8199,189,1990-03-28,1991-08-13,2025-08-15
화서벽산,"경기도 수원시 팔달구 팔달로165번길 39 (화서동, 벽산아파트)",경기도 수원시 팔달구 화서동 11-41,37.2834,127.0038,9~15,031-251-9979,031-252-5504,238,1991-11-20,1991-11-20,2025-08-15
한효,"경기도 수원시 권선구 세권로196번길 22 (권선동, 한효아파트)",경기도 수원시 권선구 권선동 1063-1,37.2542,127.0248,10,031-239-6495,031-239-6496,240,1990-12-26,1991-11-23,2025-08-15
우만주공3단지,"경기도 수원시 팔달구 창룡대로210번길 13 (우만동, 주공3단지아파트)",경기도 수원시 팔달구 우만동 301,37.2926,127.034,15,031-241-2872,031-252-9384,1213,1989-06-28,1992-03-11,2025-08-15
우만주공4단지,"경기도 수원시 팔달구 창룡대로 194 (우만동, 주공4단지아파트)",경기도 수원시 팔달구 우만동 300-2,37.2918,127.0298,15,031-247-9384,031-247-9245,1152,1990-02-28,1992-03-20,2025-08-15
동남빌라,"경기도 수원시 영통구 매영로 9 (매탄동, 동남빌라)",경기도 수원시 영통구 매탄동 197,37.2718,127.0446,4,031-215-0772,031-216-0773,496,1991-02-22,1992-07-21,2025-08-15
원천1차삼성,"경기도 수원시 영통구 삼성로268번길 8 (원천동, 원천1차삼성아파트)",경기도 수원시 영통구 원천동 333-4,37.265,127.0628,9~15,031-214-6676,031-211-6243,684,1991-04-26,1992-12-10,2025-08-15
원천성일,"경기도 수원시 영통구 동탄원천로1109번길 42 (매탄동, 원천성일아파트)",경기도 수원시 영통구 매탄동 13-6,37.2703,127.0561,10,031-215-3663,031-215-9121,850,1991-05-24,1992-12-18,2025-08-15
화서영광,"경기도 수원시 팔달구 덕영대로757번길 10 (화서동, 영광아파트)",경기도 수원시 팔달구 화서동 220-4,37.2791,126.9936,20,031-254-0703,031-254-3471,459,1992-12-20,1993-04-21,2025-08-15
선경1차,"경기도 수원시 팔달구 권광로317번길 12 (인계동, 선경1차아파트)",경기도 수원시 팔달구 인계동 163,37.2763,127.037,17,031-215-6010,031-216-6010,360,1991-08-21,1993-06-28,2025-08-15
권선삼성,"경기도 수원시 권선구 경수대로302번길 29 (권선동, 권선삼성아파트)",경기도 수원시 권선구 권선동 1185-2,37.2535,127.0231,8~10,031-234-2217,031-239-0111,634,1992-03-23,1993-07-01,2025-08-15
한국2차,"경기도 수원시 영통구 매영로 84 (매탄동, 한국아파트)",경기도 수원시 영통구 매탄동 917-12,37.2682,127.05,6,031-216-2470,031-304-2470,768,1992-07-26,1993-10-29,2025-08-15
신현대,"경기도 수원시 권선구 권광로27번길 22 (권선동, 신현대아파트)",경기도 수원시 권선구 권선동 1187-1,37.2509,127.0267,11,031-239-0799,031-8001-0799,188,1992-05-26,1993-11-03,2025-08-15
매탄삼성3차,"경기도 수원시 영통구 동탄원천로 1035 (매탄동, 매탄삼성3차아파트)",경기도 수원시 영통구 매탄동 1228-10,37.265,127.0498,5,031-215-9063,031-212-0944,595,1992-12-30,1993-12-09,2025-08-15
금성,"경기도 수원시 영통구 동탄원천로 1089 (매탄동, 금성아파트)",경기도 수원시 영통구 매탄동 1211-1,37.2678,127.0552,6,031-216-1456,031-216-1455,180,1992-10-08,1993-12-10,2025-08-15
한국1차,"경기도 수원시 영통구 동탄원천로1109번길 37 (매탄동, 한국아파트)",경기도 수원시 영통구 매탄동 1228-11,37.2696,127.057,9,031-215-5467,031-308-5467,496,1992-01-24,1994-01-17,2025-08-15
두산동아,"경기도 수원시 권선구 덕영대로1217번길 24 (권선동, 두산동아아파트) ",경기도 수원시 권선구 권선동 1199-1,37.2495,127.0248,10~12,031-221-8643,031-221-8645,714,1992-10-13,1994-04-25,2025-08-15
삼천리권선1차,"경기도 수원시 권선구 권광로27번길 62 (권선동, 삼천리권선1차아파트)",경기도 수원시 권선구 권선동 1186,37.2514,127.0246,9~11,031-231-9405,031-223-7438,496,1992-07-01,1994-05-09,2025-08-15
신명,"경기도 수원시 권선구 경수대로302번길 7 (권선동, 신명아파트)",경기도 수원시 권선구 권선동 1185,37.2543,127.0216,12,031-221-9459,031-302-7007,156,1993-03-26,1994-07-23,2025-08-15
신미주,"경기도 수원시 권선구 금호로 14-8 (호매실동, 신미주아파트)",경기도 수원시 권선구 호매실동 452,37.2681,126.9532,11~15,031-294-1697,031-294-3697,178,1992-07-22,1994-08-02,2025-08-15
권선한양,"경기도 수원시 권선구 경수대로302번길 22 (권선동, 권선한양아파트)",경기도 수원시 권선구 권선동 1188,37.2531,127.0214,12~13,031-221-0575,031-221-0522,664,1993-02-04,1994-08-26,2025-08-15
성지,"경기도 수원시 권선구 경수대로302번길 32 (권선동, 성지아파트)",경기도 수원시 권선구 권선동 1188-2,37.2527,127.0223,13,031-221-1741,031-234-9488,650,1992-07-29,1994-11-18,2025-08-15
신미주,"경기도 수원시 권선구 금호로15번길 15 (금곡동, 신미주아파트)",경기도 수원시 권선구 금곡동 262-27,37.2701,126.953,19,031-296-3735,031-294-3735,646,1991-12-02,1994-12-01,2025-08-15
삼익1차,"경기도 수원시 권선구 금호로 45 (금곡동, 삼익1차아파트)",경기도 수원시 권선구 금곡동 241,37.2698,126.9564,12~18,031-294-4082,031-294-4081,400,1993-04-20,1995-05-29,2025-08-15
한주,"경기도 수원시 권선구 정조로514번길 32 (세류동, 한주아파트)",경기도 수원시 권선구 세류동 1021-4,37.2549,127.0127,9,031-221-8235,031-221-8236,180,1993-11-17,1995-06-28,2025-08-15
선경,"경기도 수원시 팔달구 중부대로223번길 27 (우만동, 선경아파트)",경기도 수원시 팔달구 우만동 105,37.2775,127.0402,17~18,031-213-1733,031-890-1733,372,1993-06-14,1995-10-30,2025-08-15
거산,"경기도 수원시 권선구 서수원로591번길 43 (금곡동, 거산아파트)",경기도 수원시 권선구 금곡동 104-3,37.2779,126.9528,15,031-293-9196,031-297-9196,237,1993-09-01,1995-11-27,2025-08-15
벽산.한성,"경기도 수원시 권선구 권중로 99 (권선동, 벽산한성아파트)",경기도 수원시 권선구 권선동 1267,37.2503,127.0293,10~11,031-239-4285,031-235-2750,562,1994-07-01,1995-12-26,2025-08-15
우만삼성,"경기도 수원시 팔달구 아주로 17 (우만동, 삼성아파트)",경기도 수원시 팔달구 우만동 76-7,37.2764,127.0433,2~15,031-215-5529,031-215-5868,173,1994-04-22,1995-12-26,2025-08-15
삼천리권선2차,"경기도 수원시 권선구 매탄로 25 (권선동, 삼천리권선2차아파트)",경기도 수원시 권선구 권선동 1238,37.2539,127.0384,12,031-302-8198,031-898-8198,546,1994-07-20,1996-02-02,2025-08-15
신호,"경기도 수원시 장안구 대평로162번길 11 (정자동, 신호아파트) ",경기도 수원시 장안구 정자동 840-99,37.3024,126.9897,19,031-257-9166,031-269-9167,173,1996-12-09,1996-02-09,2025-08-15
벽산,"경기도 수원시 권선구 권중로 158 (권선동, 벽산아파트)",경기도 수원시 권선구 권선동 1270,37.2507,127.0331,12~14,031-235-2505,031-235-2502,368,1994-07-26,1996-02-17,2025-08-15
보성.유원,"경기도 수원시 권선구 권중로 110 (권선동, 보성,유원아파트)",경기도 수원시 권선구 권선동 1265,37.2494,127.0271,12,031-236-4806,031-235-6080,1200,1994-07-07,1996-02-28,2025-08-15
권선현대,"경기도 수원시 권선구 매탄로 11 (권선동, 현대아파트)",경기도 수원시 권선구 권선동 1240,37.2534,127.0377,15,031-223-1576,031-224-1576,809,1994-07-05,1996-04-25,2025-08-15
신우,"경기도 수원시 권선구 권중로 82 (권선동, 신우아파트)",경기도 수원시 권선구 권선동 1263,37.2516,127.029,11~12,031-224-2644,031-224-1462,518,1994-07-26,1996-04-26,2025-08-15
성원,"경기도 수원시 권선구 정조로 618 (세류동, 세류성원아파트)",경기도 수원시 권선구 세류동 145-1,37.2635,127.0157,12,031-224-1736,031-224-7801,366,1994-09-01,1996-04-30,2025-08-15
신동아,"경기도 수원시 권선구 권중로 136 (권선동, 신동아아파트)",경기도 수원시 권선구 권선동 1274,37.249,127.0319,12,031-224-0506,031-224-1077,1020,1994-07-25,1996-04-30,2025-08-15
인계삼성,"경기도 수원시 팔달구 권광로276번길 9 (인계동, 삼성아파트)",경기도 수원시 팔달구 인계동 371-1,37.2725,127.0365,20,031-213-0843,031-213-4360,582,1993-11-27,1996-04-30,2025-08-15
선경3차,"경기도 수원시 팔달구 권광로317번길 15 (인계동, 선경3차아파트)",경기도 수원시 팔달구 인계동 159,37.2756,127.0358,17,031-213-6535,031-213-6545,604,1993-04-30,1996-04-30,2025-08-15
"풍림,신안","경기도 수원시 권선구 권중로 31 (권선동, 풍림,신안아파트)",경기도 수원시 권선구 권선동 1235,37.2543,127.0328,13~14,031-223-6904,031-223-6905,552,1994-07-01,1996-06-24,2025-08-15
원천신미주,"경기도 수원시 영통구 삼성로 308 (원천동, 신미주아파트)",경기도 수원시 영통구 원천동 300-3,37.2668,127.0676,14~20,031-212-0785,031-212-0786,275,1994-03-07,1996-10-02,2025-08-15
금곡강남,"경기도 수원시 권선구 서수원로 607 (금곡동, 강남아파트)",경기도 수원시 권선구 금곡동 801-18,37.2792,126.9536,20,031-296-6073,031-296-6074,794,1993-12-29,1996-12-10,2025-08-15
삼정,"경기도 수원시 권선구 당진로14번길 46 (당수동, 삼정아파트)",경기도 수원시 권선구 당수동 730-1,37.2895,126.944,8~20,031-419-9244,031-419-9245,898,1994-11-26,1997-02-28,2025-08-15
화서주공4단지,"경기도 수원시 팔달구 덕영대로697번길 48 (화서동, 화서주공아파트)",경기도 수원시 팔달구 화서동 650,37.2845,126.992,15~20,031-255-4795,031-255-4796,1314,1994-12-30,1997-03-27,2025-08-15
화서주공3단지,"경기도 수원시 팔달구 덕영대로697번길 47 (화서동, 화서3단지주공아파트) ",경기도 수원시 팔달구 화서동 646-1,37.2859,126.9931,18,031-252-8533,031-306-8534,582,1994-11-16,1997-04-09,2025-08-15
화서주공5단지,"경기도 수원시 팔달구 덕영대로697번길 48 (화서동, 화서주공아파트)",경기도 수원시 팔달구 화서동 650,37.2845,126.992,15~20,031-258-6345,031-241-3267,386,1997-05-02,1997-05-02,2025-08-15
영화동성,경기도 수원시 장안구 정조로 941 (영화동),경기도 수원시 장안구 영화동 308-1,37.2913,127.0119,18,031-242-4136,031-247-0806,178,1994-05-19,1997-05-10,2025-08-15
삼성미도,"경기도 수원시 장안구 대평로162번길 50 (정자동, 삼성미도아파트)",경기도 수원시 장안구 정자동 846-22,37.3026,126.9923,20,031-244-8131,031-306-8131,251,1995-03-08,1997-08-09,2025-08-15
호매실GS,"경기도 수원시 권선구 매실로 70 (호매실동, 호매실GS아파트)",경기도 수원시 권선구 호매실동 99-1,37.2683,126.9585,20,031-297-4973,031-297-4974,1754,1994-09-29,1997-09-28,2025-08-15
천천일성,"경기도 수원시 장안구 정자로19번길 18 (천천동, 천천일성아파트)",경기도 수원시 장안구 천천동 569,37.3007,126.9794,15,031-271-0267,031-271-0265,401,1995-05-19,1997-09-30,2025-08-15
청명주공,"경기도 수원시 영통구 청명북로 81 (영통동, 청명마을주공아파트)",경기도 수원시 영통구 영통동 1048-2,37.2589,127.0799,20,031-202-2015,031-202-2141,946,1994-12-23,1997-11-10,2025-08-15
벽적골주공2단지(8단지2),"경기도 수원시 영통구 영통로290번길 26 (영통동, 벽적골주공 휴먼시아8단지)",경기도 수원시 영통구 영통동 972-9,37.2509,127.0626,20,031-202-2019,031-204-8306,600,1994-12-23,1997-11-15,2025-08-15
벽적골주공1단지(8단지1),"경기도 수원시 영통구 영통로290번길 28 (영통동, 벽적골주공 휴먼시아8단지)",경기도 수원시 영통구 영통동 972-8,37.2513,127.0622,18~20,031-202-2018,031-204-7509,948,1995-05-20,1997-11-27,2025-08-15
천천현대,"경기도 수원시 장안구 하률로46번길 17 (천천동, 현대아파트)",경기도 수원시 장안구 천천동 568,37.3027,126.9785,13~15,031-271-1599,031-306-1599,594,1995-06-10,1997-11-28,2025-08-15
신일,"경기도 수원시 장안구 화산로 263 (율전동, 신일아파트)",경기도 수원시 장안구 율전동 496-2,37.2994,126.9676,20,031-297-5377,031-297-2013,824,1995-05-04,1997-12-03,2025-08-15
신명.한국,"경기도 수원시 영통구 봉영로1770번길 21 (영통동, 신명.한국아파트)",경기도 수원시 영통구 영통동 1054-4,37.2674,127.0831,20,031-203-1063,031-205-0593,952,1995-03-15,1997-12-06,2025-08-15
황골마을주공1단지,"경기도 수원시 영통구 영통로 498 (영통동, 황골마을주공1단지아파트)",경기도 수원시 영통구 영통동 955-8,37.2632,127.0785,15~20,031-202-2013,031-202-1043,3129,1994-12-23,1997-12-06,2025-08-15
오목천태산,"경기도 수원시 권선구 매송고색로533번길 7 (오목천동, 태산아파트)",경기도 수원시 권선구 오목천동 923-18,37.2456,126.9621,19~20,031-291-4811,031-296-4811,278,1995-02-09,1997-12-10,2025-08-15
삼성태영,"경기도 수원시 영통구 봉영로1517번길 73 (영통동, 삼성.태영아파트)",경기도 수원시 영통구 영통동 969-1,37.2497,127.0646,18,031-202-0665,031-202-2391,832,1995-04-27,1997-12-12,2025-08-15
벽산.풍림,"경기도 수원시 영통구 봉영로1744번길 11 (영통동, 벽산.,풍림아파트)",경기도 수원시 영통구 영통동 1053-4,37.2666,127.0831,17~20,031-203-2863,031-203-2864,928,1995-04-13,1997-12-12,2025-08-15
벽산삼익,"경기도 수원시 영통구 청명로 132 (영통동, 벽산삼익아파트)",경기도 수원시 영통구 영통동 957-7,37.2574,127.0744,17~20,031-202-0595,031-203-3348,1242,1995-04-01,1997-12-12,2025-08-15
연무신미주,"경기도 수원시 장안구 광교산로 148 (연무동, 신미주아파트)",경기도 수원시 장안구 연무동 4-9,37.3004,127.0315,20,031-246-5730,031-892-4758,300,1994-05-06,1997-12-14,2025-08-15
신나무실주공5단지,"경기도 수원시 영통구 영통로290번길 25 (영통동, 신나무실주공단지)",경기도 수원시 영통구 영통동 964-5,37.2516,127.0627,15~20,031-206-2018,031-206-2104,1504,1995-12-15,1997-12-15,2025-08-15
두산.우성.한신,"경기도 수원시 영통구 영통로 232 (영통동, 두산.우성.한신 아파트)",경기도 수원시 영통구 영통동 973-3,37.2484,127.0585,18~20,031-203-2036,031-309-2038,1842,1995-02-28,1997-12-15,2025-08-15
한진현대,"경기도 수원시 팔달구 덕영대로735번길 18 (화서동, 한진현대아파트)",경기도 수원시 팔달구 화서동 657,37.2814,126.9926,20,031-258-4910,031-258-4913,516,1995-11-04,1997-12-15,2025-08-15
신성.신안.쌍용.진흥,"경기도 수원시 영통구 매영로310번길 12 (영통동, 신성.신안.쌍용.진흥아파트)",경기도 수원시 영통구 영통동 963-2,37.2537,127.0664,16~20,031-203-8717,031-203-8718,1616,1995-07-28,1997-12-16,2025-08-15
고색1차태산,"경기도 수원시 권선구 매송고색로673번길 11 (고색동, 고색1차태산아파트)",경기도 수원시 권선구 고색동 886-83,37.2505,126.9775,15,031-297-9481,031-297-9870,623,1995-05-18,1997-12-17,2025-08-15
신안한일,"경기도 수원시 장안구 하률로30번길 22 (천천동, 신안한일)",경기도 수원시 장안구 천천동 564,37.3026,126.9751,16-17,031-271-2461,031-271-3047,456,1995-07-22,1997-12-17,2025-08-15
동보.신명,"경기도 수원시 영통구 봉영로1517번길 76 (영통동, 동보.신명 아파트)",경기도 수원시 영통구 영통동 968,37.2511,127.0645,18~20,031-203-0805,031-203-1771,836,1997-12-19,1997-12-19,2025-08-15
화남,"경기도 수원시 장안구 화산로285번길 12 (율전동, 화남아파트)",경기도 수원시 장안구 율전동 334-49,37.3003,126.9644,20,031-297-9711,031-892-9711,200,1995-09-18,1997-12-24,2025-08-15
고색2차태산,"경기도 수원시 권선구 매송고색로691번길 9 (고색동, 고색2차태산아파트)",경기도 수원시 권선구 고색동 890-286,37.2514,126.9799,15,031-297-8994,031-297-9006,450,1995-06-20,1998-01-20,2025-08-15
"진덕,서광,성지,동아","경기도 수원시 영통구 봉영로 1526 (영통동, 살구골 진덕,서광,성지,동아 아파트)",경기도 수원시 영통구 영통동 988-9,37.2485,127.0696,16~20,031-202-2654,031-202-2655,1248,1995-02-08,1998-01-26,2025-08-15
대한,"경기도 수원시 권선구 서부로 1534 (고색동, 대한아파트)",경기도 수원시 권선구 고색동 864-52,37.2465,126.9786,11~16,031-297-5687,031-297-0198,713,1995-05-08,1998-01-31,2025-08-15
쌍용,"경기도 수원시 영통구 봉영로1744번길 16 (영통동, 쌍용아파트)",경기도 수원시 영통구 영통동 1052-2,37.2644,127.0829,20,031-203-6197,031-203-6198,872,1995-10-20,1998-03-10,2025-08-15
삼호진덕,"경기도 수원시 장안구 하률로46번길 22 (천천동, 삼호진덕아파트)",경기도 수원시 장안구 천천동 565-1,37.3027,126.9776,15,031-306-3098,031-306-3097,789,1996-03-13,1998-03-20,2025-08-15
매탄우성,"경기도 수원시 영통구 권광로290번길 34-18 (매탄동, 우성아파트)",경기도 수원시 영통구 매탄동 164-13,37.2733,127.0381,16,031-211-6585,031-211-0595,230,1993-10-25,1998-04-21,2025-08-15
현대,"경기도 수원시 영통구 매영로 366 (영통동, 현대아파트)",경기도 수원시 영통구 영통동 989-8,37.2507,127.0717,18~20,031-204-2832,031-204-8532,612,1995-12-20,1998-05-28,2025-08-15
늘푸른벽산,"경기도 수원시 장안구 율전로101번길 40 (율전동, 늘푸른벽산APT)",경기도 수원시 장안구 율전동 496-7,37.2989,126.9668,18,031-295-8662,031-295-8661,183,1995-10-20,1998-06-12,2025-08-15
삼익3차,"경기도 수원시 권선구 서수원로 589 (금곡동, 삼익3차아파트)",경기도 수원시 권선구 금곡동 79,37.2774,126.9549,18,031-295-7220,031-296-7221,712,1994-03-26,1998-06-23,2025-08-15
삼익2차,"경기도 수원시 권선구 매실로 61 (호매실동, 삼익2차아파트)",경기도 수원시 권선구 호매실동 82-5,37.2688,126.9578,14~20,031-295-5848,031-296-5848,354,1993-12-09,1998-06-23,2025-08-15
동신,"경기도 수원시 영통구 영통로 460 (영통동, 대우.동신아파트)",경기도 수원시 영통구 영통동 956-3,37.2601,127.0759,20,031-203-9216,031-203-9217,492,1995-11-01,1998-06-23,2025-08-15
대우,"경기도 수원시 영통구 영통로 460 (영통동, 대우.동신아파트)",경기도 수원시 영통구 영통동 956-3,37.2601,127.0759,18~20,031-204-6374,031-204-6375,492,1995-11-01,1998-06-26,2025-08-15
쌍용,"경기도 수원시 권선구 매실로19번길 19 (호매실동, 쌍용아파트)",경기도 수원시 권선구 호매실동 468,37.268,126.9527,12~18,031-291-3378,031-307-3378,294,1996-05-15,1998-07-29,2025-08-15
대원,"경기도 수원시 권선구 고산로6번길 45 (고색동, 대원아파트)",경기도 수원시 권선구 고색동 291,37.2484,126.9847,7~14,031-297-9611,031-295-9614,474,1996-12-10,1998-08-05,2025-08-15
율전삼성2단지,"경기도 수원시 장안구 서부로 2067 (율전동, 삼성아파트)",경기도 수원시 장안구 율전동 419,37.2934,126.9687,20,031-295-6631,031-295-3770,700,1996-06-25,1998-08-28,2025-08-15
율전삼성1단지,"경기도 수원시 장안구 서부로 2065 (율전동, 삼성아파트)",경기도 수원시 장안구 율전동 468,37.2911,126.9693,18~20,031-292-7333,031-292-7337,364,1996-06-07,1998-08-28,2025-08-15
삼성,"경기도 수원시 권선구 탑동로58번길 8 (탑동, 삼성아파트)",경기도 수원시 권선구 탑동 763,37.2746,126.9749,7~13,031-295-0053,031-295-0053,299,1997-05-24,1998-09-24,2025-08-15
극동," 경기도 수원시 영통구 매봉로27번길 11 (매탄동, 극동아파트)",경기도 수원시 영통구 매탄동 50,37.2694,127.0517,7~10,031-215-4315,031-216-7642,210,1997-03-03,1998-10-30,2025-08-15
인정프린스,"경기도 수원시 권선구 당진로15번길 53 (당수동, 인정프린스아파트)",경기도 수원시 권선구 당수동 287,37.292,126.9383,5~23,031-416-1065,031-506-1061,481,1996-05-02,1998-11-09,2025-08-15
일신건영,"경기도 수원시 권선구 매곡로 68 (금곡동, 일신건영아파트)",경기도 수원시 권선구 금곡동 252,37.2705,126.9551,16~19,031-297-6262,031-891-6240,237,1996-03-07,1998-11-11,2025-08-15
금곡엘지,"경기도 수원시 권선구 금곡로 45 (금곡동, 금곡엘지아파트)",경기도 수원시 권선구 금곡동 530,37.2713,126.9377,18~20,031-297-3181,031-297-3183,3234,1996-04-26,1998-11-28,2025-08-15
건영1차,"경기도 수원시 영통구 청명로 100 (영통동, 건영1차아파트)",경기도 수원시 영통구 영통동 1047-1,37.2558,127.0771,19,031-205-6853,031-205-6854,502,1996-03-05,1999-02-18,2025-08-15
연무성원,"경기도 수원시 장안구 창훈로60번길 31 (연무동, 성원아파트)",경기도 수원시 장안구 연무동 197-21,37.2985,127.0294,10~13,031-251-8430,031-251-8430,177,1997-01-29,1999-02-22,2025-08-15
황골주공2단지,"경기도 수원시 영통구 영통로514번길 53 (영통동, 황골마을주공2단지아파트)",경기도 수원시 영통구 영통동 948-8,37.2649,127.0813,15~20,031-204-3799,031-204-3791,1190,1995-12-20,1999-05-07,2025-08-15
동성,"경기도 수원시 권선구 매곡로 100 (금곡동, 동성아파트)",경기도 수원시 권선구 금곡동 243,37.2709,126.956,16~20,031-295-8881,031-307-6712,219,1994-12-31,1999-06-25,2025-08-15
한일타운,"경기도 수원시 장안구 경수대로976번길 22 (조원동, 한일타운아파트)",경기도 수원시 장안구 조원동 891,37.3063,127.0047,16~24,031-244-0256,031-247-0965,5282,1996-05-10,1999-06-30,2025-08-15
삼익,"경기도 수원시 권선구 세지로 99 (세류동, 삼익아파트)",경기도 수원시 권선구 세류동 840,37.261,127.0176,11~12,031-223-1933,031-223-1934,344,1996-12-30,1999-07-15,2025-08-15
벽산·현대,"경기도 수원시 장안구 정자천로188번길 64 (정자동, 두견마을 현대·벽산아파트)",경기도 수원시 장안구 정자동 886-1,37.2932,126.9962,15~24,031-269-2297,031-269-2298,792,1996-11-23,1999-08-03,2025-08-15
원천주공1단지,"경기도 수원시 영통구 매영로 132 (매탄동, 수원 원천1단지 주공아파트)",경기도 수원시 영통구 매탄동 1230-4,37.2666,127.0566,18~20,031-216-2488,031-216-2489,702,1995-12-20,1999-08-10,2025-08-15
꽃뫼노을마을 장안,"경기도 수원시 장안구 덕영대로639번길 70 (정자동, 꽃뫼노을마을 장안아파트)",경기도 수원시 장안구 정자동 900-1,37.2909,126.99,16~20,031-269-8407,031-269-8409,188,1996-11-16,1999-08-17,2025-08-15
백설마을 현대.코오롱,"경기도 수원시 장안구 만석로68번길 10 (정자동, 백설마을 현대.코오롱아파트)",경기도 수원시 장안구 정자동 870-9,37.2967,126.9889,16~20,031-269-0401,031-306-0403,692,1996-11-30,1999-08-27,2025-08-15
화서역우방센트럴파크,"경기도 수원시 장안구 수성로245번길 21 (정자동, 두견마을 영남,우방,한솔아파트) ",경기도 수원시 장안구 정자동 887-1,37.2897,126.9988,16~22,031-269-0030,031-269-0567,1335,1991-01-08,1999-08-30,2025-08-15
원천레이크파크,"경기도 수원시 영통구 중부대로448번길 28 (원천동, 수원 원천2단지 주공아파트)",경기도 수원시 영통구 원천동 551,37.2671,127.0586,20,031-213-8262,031-213-8264,1835,1995-12-20,1999-09-12,2025-08-15
꽃뫼노을마을 풍림,"경기도 수원시 팔달구 수성로157번길 75 (화서동, 꽃뫼노을마을 풍림아파트)",경기도 수원시 팔달구 화서동 674-1,37.2894,126.9877,20,031-269-3663,031-8001-3663,275,1997-06-01,1999-09-17,2025-08-15
극동.풍림,"경기도 수원시 영통구 봉영로1517번길 30 (영통동, 극동.풍림 아파트)",경기도 수원시 영통구 영통동 967-2,37.2503,127.0676,17~20,031-205-5010,031-205-5052,776,1996-10-29,1999-09-30,2025-08-15
꽃뫼노을마을 신안,"경기도 수원시 장안구 대평로51번길 22 (정자동, 꽃뫼노을마을신안아파트)",경기도 수원시 장안구 정자동 883-6,37.2931,126.9937,17~20,031-269-5021,031-269-5022,358,1997-01-29,1999-10-01,2025-08-15
성지.동양고속,"경기도 수원시 장안구 정자천로133번길 26 (정자동, 백설마을 성지, 동양고속아파트)",경기도 수원시 장안구 정자동 879-8,37.2951,126.9911,17~20,031-269-6901,031-269-6902,576,1996-11-22,1999-10-21,2025-08-15
탑동우방파크타운,"경기도 수원시 권선구 효탑로 50 (탑동, 수원탑동우방파크타운)",경기도 수원시 권선구 탑동 860,37.2682,126.9735,8~13,031-295-6829,031-296-6828,458,1997-08-11,1999-10-29,2025-08-15
성원,"경기도 수원시 권선구 일월천로4번길 74 (구운동, 성원아파트)",경기도 수원시 권선구 구운동 893,37.2836,126.9757,9~18,031-298-7007,031-298-7030,458,1996-11-22,1999-10-29,2025-08-15
꽃뫼버들마을 신동아,"경기도 수원시 팔달구 화산로 24 (화서동, 꽃뫼버들마을 신동아아파트)",경기도 수원시 팔달구 화서동 684-2,37.2874,126.9866,22~25,031-298-5758,031-307-0094,332,1996-01-05,1999-10-30,2025-08-15
코오롱하늘채,"경기도 수원시 권선구 일월천로16번길 39 (구운동, 코오롱하늘채아파트)",경기도 수원시 권선구 구운동 890,37.2852,126.9751,16~21,031-292-6284,031-292-6285,676,1996-11-22,1999-11-01,2025-08-15
연꽃마을 풍림,"경기도 수원시 장안구 정자천로189번길 47 (정자동, 연꽃마을 풍림아파트)",경기도 수원시 장안구 정자동 872-1,37.2984,126.9924,16~21,031-269-0611,031-269-0612,792,1996-12-09,1999-11-02,2025-08-15
벽적골주공9단지,"경기도 수원시 영통구 봉영로1517번길 27 (영통동, 벽적골9단지 주공아파트)",경기도 수원시 영통구 영통동 970-4,37.2481,127.0672,20,031-202-4147,031-202-4149,1265,1997-03-31,1999-11-10,2025-08-15
백설마을 삼환.나우빌,"경기도 수원시 장안구 천천로22번길 34 (정자동, 백설마을 삼환 나우빌 아파트)",경기도 수원시 장안구 정자동 880-3,37.2942,126.9895,17~23,031-269-8001,031-269-8002,772,1996-11-30,1999-11-25,2025-08-15
평동동남,"경기도 수원시 권선구 권선로436번길 21 (평동, 평동동남아파트)",경기도 수원시 권선구 평동 151,37.2622,127.0001,11~13,031-295-8950,031-291-8950,489,1997-11-19,1999-11-27,2025-08-15
대한대우,"경기도 수원시 팔달구 권선로 477 (매산로2가, 대한대우아파트)",경기도 수원시 팔달구 매산로2가 90-5,37.2646,127.0034,12,031-309-9983,031-309-9982,1293,1997-10-02,1999-12-14,2025-08-15
신원미주,"경기도 수원시 영통구 매영로310번길 27 (영통동, 신원미주아파트) ",경기도 수원시 영통구 영통동 965-2,37.2523,127.0662,17~20,031-204-7665,031-205-7665,574,1996-11-19,1999-12-30,2025-08-15
백설마을 효성,"경기도 수원시 장안구 정자천로133번길 21 (정자동, 백설마을 효성아파트)",경기도 수원시 장안구 정자동 880-2,37.2936,126.9907,23,031-269-5495,031-269-5496,262,1996-11-30,2000-01-21,2025-08-15
거산,"경기도 수원시 권선구 고현로5번길 25 (고색동, 거산아파트)",경기도 수원시 권선구 고색동 306-1,37.2479,126.9861,15~16,031-297-7225,031-295-7225,323,1995-11-01,2000-05-10,2025-08-15
상우,"경기도 수원시 권선구 매송고색로 751-17 (고색동, 상우아파트)",경기도 수원시 권선구 고색동 5-4,37.2535,126.9859,6~13,031-298-6116,031-227-7488,199,1996-05-18,2000-05-13,2025-08-15
우남(1차),"경기도 수원시 권선구 덕영대로1323번길 25-33 (권선동, 우남아파트)",경기도 수원시 권선구 권선동 1315,37.2476,127.034,13,031-226-2096,031-226-2095,290,1998-06-25,2000-06-07,2025-08-15
연꽃마을 벽산,"경기도 수원시 장안구 정자천로189번길 40 (정자동, 연꽃마을 벽산아파트)",경기도 수원시 장안구 정자동 873-3,37.2981,126.9953,16~25,031-268-0497,031-305-0497,392,1997-05-13,2000-06-29,2025-08-15
망포늘푸른벽산,"경기도 수원시 영통구 영통로90번길 4-27 (망포동, 늘푸른 벽산아파트)",경기도 수원시 영통구 망포동 677-77,37.2389,127.0605,17~20,031-206-5022,031-206-5023,1380,1997-06-30,2000-06-30,2025-08-15
건영2차,"경기도 수원시 영통구 매영로 346 (영통동, 신나무실 건영아파트)",경기도 수원시 영통구 영통동 966-4,37.2515,127.0703,17,031-204-8247,031-205-8248,470,2000-07-20,2000-07-20,2025-08-15
권선대우,"경기도 수원시 권선구 동탄원천로813번길 16 (권선동, 권선대우아파트)",경기도 수원시 권선구 권선동 1305,37.2485,127.0388,14~15,031-221-5665,031-222-7753,358,1998-07-31,2000-07-25,2025-08-15
꽃뫼노을마을 대동,"경기도 수원시 장안구 대평로39번길 8 (정자동, 꽃뫼노을마을 대동아파트)",경기도 수원시 장안구 정자동 888-3,37.292,126.9942,16~23,031-268-0090,031-308-0099,292,1996-11-26,2000-07-26,2025-08-15
우남(2차),"경기도 수원시 권선구 덕영대로1323번길 26-7 (권선동, 우남아파트)",경기도 수원시 권선구 권선동 1320,37.2474,127.0367,15,031-233-2386,031-233-2387,179,1998-09-25,2000-08-09,2025-08-15
두견마을 3차 벽산,"경기도 수원시 장안구 정자천로188번길 28 (정자동, 두견마을 3차 벽산아파트)",경기도 수원시 장안구 정자동 884-5,37.295,126.9956,25,031-268-0121,031-306-0121,389,1996-11-22,2000-08-16,2025-08-15
현대,"경기도 수원시 권선구 세권로316번길 49 (권선동, 현대아파트)",경기도 수원시 권선구 권선동 1306,37.2494,127.0374,12~15,031-221-7877,031-221-7992,253,1998-09-24,2000-09-22,2025-08-15
오목천청구1차,"경기도 수원시 권선구 오목천로39번길 8 (오목천동, 청구1차 아파트)",경기도 수원시 권선구 오목천동 542,37.2406,126.9674,15~18,031-298-0021,031-302-0022,314,1997-03-29,2000-10-15,2025-08-15
꽃뫼노을마을 한마루,"경기도 수원시 장안구 덕영대로639번길 63 (정자동, 꽃뫼노을마을한마루아파트)",경기도 수원시 장안구 정자동 881-4,37.2911,126.9887,21~25,031-268-0336,031-268-6330,291,1997-10-11,2000-10-26,2025-08-15
삼성,"경기도 수원시 권선구 곡선로50번길 73 (곡반정동, 삼성 아파트)",경기도 수원시 권선구 곡반정동 580,37.2353,127.0282,13~15,031-308-3462,031-308-3461,442,1998-10-27,2000-10-27,2025-08-15
한솔,"경기도 수원시 권선구 동수원로58번길 21 (곡반정동, 한솔아파트)",경기도 수원시 권선구 곡반정동 579,37.2358,127.0267,9~15,031-234-4371,031-236-4317,391,1998-06-11,2000-11-17,2025-08-15
꽃뫼노을마을 한국,"경기도 수원시 장안구 대평로51번길 56 (정자동, 꽃뫼노을마을한국아파트)",경기도 수원시 장안구 정자동 882-5,37.2922,126.9918,16~23,031-268-0009,031-268-2164,530,1997-02-19,2000-12-15,2025-08-15
일월청구,"경기도 수원시 권선구 수성로35번길 60 (구운동, 일월 청구 아파트)",경기도 수원시 권선구 구운동 889,37.2857,126.9767,12~23,031-227-5004,031-304-5003,524,1996-11-22,2001-03-12,2025-08-15
대림,"경기도 수원시 권선구 덕영대로1323번길 26-31 (권선동, 대림아파트)",경기도 수원시 권선구 권선동 1321,37.2472,127.038,14~15,031-222-7546,031-222-7534,322,1999-01-29,2001-03-29,2025-08-15
권선3지구 주공1단지,"경기도 수원시 권선구 덕영대로1323번길 25-30 (권선동, 권선3지구 주공1단지) ",경기도 수원시 권선구 권선동 1314-1,37.2481,127.0338,12~14,031-306-9090,031-306-9091,397,1990-09-30,2001-05-03,2025-08-15
엘지,"경기도 수원시 팔달구 정자천로32번길 20 (화서동, 한독.LG아파트)",경기도 수원시 팔달구 화서동 713,37.2881,126.98,15,031-298-4276,031-304-4276,665,1996-04-12,2001-05-12,2025-08-15
비단마을 영풍마드레빌,"경기도 수원시 장안구 덕영대로535번길 67 (천천동, 비단마을 영풍마드레빌)",경기도 수원시 장안구 천천동 537,37.2981,126.9833,12~15,031-268-0303,031-304-0303,212,1999-05-25,2001-05-25,2025-08-15
 CJ,"경기도 수원시 팔달구 경수대로565번길 26 (인계동, CJ아파트)",경기도 수원시 팔달구 인계동 209-7,37.2767,127.0287,15,031-237-3833,031-237-3834,211,1999-06-10,2001-05-29,2025-08-15
권선5단지 상록,"경기도 수원시 권선구 세권로304번길 47 (권선동, 권선5단지 상록아파트)",경기도 수원시 권선구 권선동 1298,37.2499,127.0363,12~15,031-226-8234,031-304-8234,256,1999-05-04,2001-06-15,2025-08-15
꽃뫼양지마을 대우,"경기도 수원시 팔달구 수성로101번길 20 (화서동, 꽃뫼양지마을 (대우아파트))",경기도 수원시 팔달구 화서동 703,37.2848,126.9848,15,031-298-2021,031-305-2024,236,1999-06-04,2001-06-26,2025-08-15
청솔마을 한라,"경기도 수원시 장안구 만석로20번길 28 (정자동, 청솔마을 한라 아파트)",경기도 수원시 장안구 정자동 921,37.2939,126.9844,18~23,031-268-2214,031-268-2215,845,1999-01-29,2001-07-30,2025-08-15
백설주공1단지,"경기도 수원시 장안구 대평로89번길 32 (정자동, 백설마을 주공아파트)",경기도 수원시 장안구 정자동 871-4,37.2958,126.9912,18~24,031-268-3081,031-268-3082,348,1998-06-19,2001-08-06,2025-08-15
백설주공2단지,"경기도 수원시 장안구 대평로89번길 10 (정자동, 백설마을 주공아파트)",경기도 수원시 장안구 정자동 871-3,37.2962,126.992,18~24,031-305-9081,031-305-9082,341,1998-05-19,2001-08-06,2025-08-15
매탄권선역 리버파크,"경기도 수원시 권선구 세권로 334 (권선동, 매탄권선역 리버파크)",경기도 수원시 권선구 권선동 1304,37.2506,127.0402,15~19,031-237-9081,031-237-9082,582,1998-09-30,2001-08-10,2025-08-15
권선3단지 상록,"경기도 수원시 권선구 세권로316번길 15 (권선동, 권선3단지 상록아파트) ",경기도 수원시 권선구 권선동 1303,37.2507,127.038,15~20,031-238-5384,031-302-5384,468,2001-06-15,2001-09-17,2025-08-15
권선3지구 써미트빌,"경기도 수원시 권선구 덕영대로1323번길 26-24 (권선동, 권선3지구 써미트빌)",경기도 수원시 권선구 권선동 1323,37.2466,127.0371,12~15,031-235-7291,031-235-7286,223,1999-07-26,2001-09-19,2025-08-15
영통삼성래미안,"경기도 수원시 영통구 청명북로 33 (영통동, 청명마을삼성아파트)",경기도 수원시 영통구 영통동 1046-1,37.2545,127.08,20,031-273-6047,031-273-6049,714,1997-10-15,2001-10-30,2025-08-15
대월마을 대림진흥,"경기도 수원시 장안구 천천로74번길 92 (정자동, 대월마을대림진흥아파트)",경기도 수원시 장안구 정자동 914,37.3006,126.9882,20~24,031-268-4685,031-268-4686,534,1999-06-14,2001-11-09,2025-08-15
비단마을 베스트타운,"경기도 수원시 장안구 정자로42번길 52 (천천동, 비단마을 베스트타운)",경기도 수원시 장안구 천천동 536,37.2988,126.9816,15~25,031-268-2024,031-304-2024,1032,1999-05-25,2001-11-22,2025-08-15
비단마을 신명,"경기도 수원시 장안구 정자로41번길 12 (천천동, 비단마을 신명아파트)",경기도 수원시 장안구 천천동 482-2,37.3012,126.982,16~24,031-268-5031,031-268-5030,594,1999-05-19,2001-11-22,2025-08-15
조원주공뉴타운1단지,"경기도 수원시 장안구 금당로39번길 33 (조원동, 주공뉴타운)",경기도 수원시 장안구 조원동 856,37.3045,127.0152,20~23,031-258-9082,031-258-9083,768,1999-04-26,2001-11-30,2025-08-15
화서성원상떼빌,"경기도 수원시 팔달구 장안로5번길 45 (화서동, 화서 성원상떼빌)",경기도 수원시 팔달구 화서동 11-11,37.2856,127.0049,17,031-302-5577,031-268-5577,508,1997-09-09,2001-12-04,2025-08-15
동수원자이1차,"경기도 수원시 영통구 태장로82번길 32 (망포동, 동수원자이1차)",경기도 수원시 영통구 망포동 688-3,37.2363,127.0529,23,031-273-0764,031-273-0766,1829,1999-06-24,2001-12-05,2025-08-15
매탄주공그린빌6단지,"경기도 수원시 영통구 동탄원천로881번길 19 (매탄동, 주공그린빌)",경기도 수원시 영통구 매탄동 1350,37.2537,127.0423,13~20,031-217-9081,031-217-9082,710,1998-12-26,2001-12-11,2025-08-15
조원주공뉴타운2단지,"경기도 수원시 장안구 금당로39번길 34 (조원동, 주공뉴타운)",경기도 수원시 장안구 조원동 862,37.3044,127.0178,18~23,031-258-9071,031-258-9074,1586,1996-12-24,2001-12-19,2025-08-15
매탄주공그린빌1단지,"경기도 수원시 영통구 매탄로126번길 22 (매탄동, 주공그린빌)",경기도 수원시 영통구 매탄동 1316,37.2614,127.0452,13~18,031-215-0178,031-308-0178,659,1999-10-15,2001-12-20,2025-08-15
매탄주공그린빌2단지,"경기도 수원시 영통구 매탄로126번길 66 (매탄동, 주공그린빌)",경기도 수원시 영통구 매탄동 1317,37.2609,127.0479,18,031-217-9083,031-217-9084,568,1999-06-30,2001-12-20,2025-08-15
꽃뫼버들마을 진흥,"경기도 수원시 팔달구 화산로 57 (화서동, 꽃뫼버들마을 진흥아파트)",경기도 수원시 팔달구 화서동 706,37.29,126.9835,16~25,031-298-6885,031-298-6886,824,1999-09-10,2002-01-17,2025-08-15
청솔마을 SK한화,"경기도 수원시 장안구 만석로20번길 25 (정자동, 청솔마을 SK한화아파트)",경기도 수원시 장안구 정자동 918-2,37.2953,126.9849,16~25,031-268-4436,031-268-4437,520,1999-05-25,2002-01-21,2025-08-15
우남퍼스트빌,"경기도 수원시 영통구 매탄로 82 (매탄동, 우남퍼스트빌)",경기도 수원시 영통구 매탄동 1335,37.2583,127.043,16~18,031-216-2244,031-216-3117,456,2000-02-17,2002-01-29,2025-08-15
비단마을 현대성우우방,"경기도 수원시 장안구 만석로 29 (천천동, 비단마을현대성우.우방아파트)",경기도 수원시 장안구 천천동 531-2,37.2962,126.9854,16~23,031-268-6068,031-268-6069,501,1999-07-01,2002-02-22,2025-08-15
꽃뫼버들마을 코오롱,"경기도 수원시 팔달구 일월로18번길 4-26 (화서동, 꽃뫼버들마을 코오롱아파트)",경기도 수원시 팔달구 화서동 730,37.2848,126.9816,24,031-307-0033,031-307-0032,538,1999-05-12,2002-03-11,2025-08-15
영통롯데,"경기도 수원시 영통구 덕영대로1555번길 20 (영통동, 벽적골롯데아파트)",경기도 수원시 영통구 영통동 971-2,37.2467,127.0622,20,031-273-5936,031-273-7868,1040,1996-12-31,2002-03-30,2025-08-15
꽃뫼버들마을 금강,"경기도 수원시 팔달구 정자천로32번길 27 (화서동, 꽃뫼버들마을 금강 아파트)",경기도 수원시 팔달구 화서동 709,37.2885,126.9826,16~25,031-227-4811,031-227-4812,312,1999-11-19,2002-04-19,2025-08-15
곡반정 현대아이파크,"경기도 수원시 권선구 곡선로50번길 48 (곡반정동, 곡반정 현대 아이파크)",경기도 수원시 권선구 곡반정동 578,37.2371,127.0286,10~15,031-231-8823,031-231-8824,484,2002-04-01,2002-04-25,2025-08-15
천천삼성래미안,"경기도 수원시 장안구 화산로187번길 19 (천천동, 천천 삼성래미안)",경기도 수원시 장안구 천천동 544,37.298,126.9757,23,031-306-3050,031-306-3051,876,2000-02-21,2002-04-26,2025-08-15
동수원쌍용스윗닷홈1차,"경기도 수원시 영통구 영통로173번길 37 (망포동, 망포역마을 쌍용아파트)",경기도 수원시 영통구 망포동 692-2,37.2433,127.0533,12~24,031-273-6831,031-273-6830,531,1999-10-21,2002-04-27,2025-08-15
매탄주공그린빌3단지,"경기도 수원시 영통구 동탄원천로915번길 36 (매탄동, 주공그린빌)",경기도 수원시 영통구 매탄동 1338,37.257,127.0438,16~20,031-217-4128,031-217-4129,656,1999-10-18,2002-04-30,2025-08-15
매탄주공그린빌4단지,"경기도 수원시 영통구 동탄원천로915번길 33 (매탄동, 주공그린빌)",경기도 수원시 영통구 매탄동 1345,37.256,127.044,20,031-217-8017,031-217-8018,461,1999-11-12,2002-05-07,2025-08-15
매탄주공그린빌5단지,"경기도 수원시 영통구 동탄원천로881번길 35 (매탄동, 주공그린빌)",경기도 수원시 영통구 매탄동 1282,37.255,127.0415,18,031-217-9166,031-217-9167,732,1998-12-26,2002-05-07,2025-08-15
망포역아이파크,"경기도 수원시 영통구 영통로200번길 20 (망포동, 망포마을 현대1차 아이파크)",경기도 수원시 영통구 망포동 693,37.2433,127.0577,10~19,031-202-9103,031-202-9104,554,1999-11-10,2002-06-28,2025-08-15
꽃뫼양지마을 현대,"경기도 수원시 팔달구 화산로17번길 6 (화서동, 꽃뫼양지마을 현대아파트)",경기도 수원시 팔달구 화서동 700,37.2874,126.9855,21~23,031-227-6117,031-227-6118,260,1999-09-10,2002-07-12,2025-08-15
동수원자이2차,"경기도 수원시 영통구 태장로71번길 19 (망포동, 동수원 자이2차 아파트)",경기도 수원시 영통구 망포동 690,37.2396,127.0532,16~25,031-205-1083,031-205-9083,816,1999-06-28,2002-07-24,2025-08-15
망포마을 벽산e빌리지,"경기도 수원시 영통구 동탄지성로488번길 22 (망포동, 망포마을 벽산 이빌리지)",경기도 수원시 영통구 망포동 696,37.2378,127.0471,16,031-205-0291,031-205-0292,344,2000-05-24,2002-07-25,2025-08-15
청솔마을 주공6단지,"경기도 수원시 장안구 천천로21번길 33 (정자동, 청솔마을주공아파트)",경기도 수원시 장안구 정자동 922-2,37.2929,126.986,16~25,031-268-9031,031-268-9032,583,2008-12-26,2002-09-14,2025-08-15
오목천청구2차,"경기도 수원시 권선구 매송고색로506번길 17 (오목천동, 청구2차아파트)",경기도 수원시 권선구 오목천동 923-11,37.2439,126.9619,11~21,031-298-3386,031-298-3387,490,1997-06-27,2002-09-30,2025-08-15
영통3차 풍림아이원,"경기도 수원시 영통구 봉영로1482번길 18 (영통동, 영통3차 풍림아이원아파트)",경기도 수원시 영통구 영통동 982-3,37.2448,127.0662,25,031-202-2622,031-205-2623,494,1999-12-22,2002-10-25,2025-08-15
대월마을 주공,"경기도 수원시 장안구 천천로74번길 35 (정자동, 대월마을 주공아파트)",경기도 수원시 장안구 정자동 927,37.3,126.9862,20~25,031-242-9082,031-243-9082,805,1998-12-26,2002-10-25,2025-08-15
망포마을 현대2차아이파크,"경기도 수원시 영통구 태장로 45 (망포동, 망포마을현대2차아이파크)",경기도 수원시 영통구 망포동 684-1,37.2395,127.052,25,031-203-5516,031-203-5517,489,1999-10-19,2002-10-31,2025-08-15
신성미소지움,"경기도 수원시 팔달구 중부대로 193 (우만동, 신성미소지움아파트)",경기도 수원시 팔달구 우만동 138,37.2776,127.037,25,031-212-2491,031-212-2492,272,1999-12-30,2002-12-18,2025-08-15
동수원자이3차,"경기도 수원시 영통구 영통로 111 (망포동, 엘지동수원자이아파트)",경기도 수원시 영통구 망포동 698,37.2372,127.0558,20~25,031-202-1292,031-202-1354,924,1999-12-30,2003-06-27,2025-08-15
월드메르디앙,"경기도 수원시 팔달구 권광로 373 (우만동, 월드메르디앙 아파트)",경기도 수원시 팔달구 우만동 600,37.2803,127.0364,21~30,031-216-0550,031-216-0559,2063,2001-08-13,2004-06-14,2025-08-15
동수원쌍용스윗닷홈3차,"경기도 수원시 영통구 태장로7번길 38 (망포동, 쌍용3차아파트)",경기도 수원시 영통구 망포동 701-1,37.239,127.0474,8~15,031-202-2442,031-202-1344,287,2002-06-19,2004-09-24,2025-08-15
동수원쌍용스윗닷홈2차,"경기도 수원시 영통구 태장로54번길 122 (망포동, 동수원2차 쌍용스윗닷홈)",경기도 수원시 영통구 망포동 703,37.2343,127.0525,15,031-202-6624,031-203-6624,274,2002-06-18,2004-11-29,2025-08-15
한라비발디2단지,"경기도 수원시 권선구 당진로31번길 16 (당수동, 한라비발디아파트 2단지)",경기도 수원시 권선구 당수동 742,37.2921,126.9402,17~25,031-409-1991,031-409-1993,499,2002-07-13,2004-11-30,2025-08-15
한라비발디1단지,"경기도 수원시 권선구 당진로15번길 19-10 (당수동, 한라비발디아파트 1단지)",경기도 수원시 권선구 당수동 743,37.2909,126.9389,17~25,031-409-1881,031-409-1841,473,2002-07-13,2004-11-30,2025-08-15
교동풍림아이원,"경기도 수원시 팔달구 매산로104번길 10 (교동, 풍림아이원아파트)",경기도 수원시 팔달구 교동 185-7,37.2701,127.0123,10,031-224-6033,031-224-7033,156,1994-03-31,2005-04-07,2025-08-15
금강에스쁘아,"경기도 수원시 장안구 영화로71번길 24 (정자동, 수원정자금강에스쁘아아파트)",경기도 수원시 장안구 정자동 69-45,37.2926,127.0051,18,031-244-1360,031-244-1360,164,2002-12-16,2005-04-29,2025-08-15
율전벽산블루밍,"경기도 수원시 장안구 덕영대로407번길 63-27 (율전동, 벽산블루밍아파트)",경기도 수원시 장안구 율전동 산 48-4,37.3049,126.9658,22,031-255-3477,031-255-3445,318,2002-05-02,2005-04-29,2025-08-15
밤꽃마을주공아파트,"경기도 수원시 장안구 상률로12번길 28 (율전동, 밤꽃마을주공아파트)",경기도 수원시 장안구 율전동 545,37.3069,126.9668,22,031-256-6595,031-256-6596,389,1999-12-30,2005-09-08,2025-08-15
밤꽃마을뜨란채,"경기도 수원시 장안구 상률로 32 (율전동, 밤꽃마을뜨란채)",경기도 수원시 장안구 율전동 546,37.3067,126.9689,23,031-271-2152,031-271-2153,1078,1999-12-30,2005-09-13,2025-08-15
방죽마을 영통뜨란채,"경기도 수원시 영통구 영통로200번길 156 (망포동, 방죽마을영통뜨란채)",경기도 수원시 영통구 망포동 715,37.2432,127.0658,25,031-206-2242,031-206-2243,699,2001-09-06,2005-09-21,2025-08-15
"서수원쌍용스윗닷홈(1차,2차)","경기도 수원시 권선구 당진로31번길 51-20 (당수동, 서수원1차쌍용스윗닷홈)",경기도 수원시 권선구 당수동 745,37.2922,126.937,15,031-419-9498,031-509-9498,420,2003-06-18,2005-09-23,2025-08-15
우림필유,"경기도 수원시 권선구 고색로 8 (고색동, 우림필유아파트)",경기도 수원시 권선구 고색동 915,37.2483,126.9777,15,031-298-9266,031-298-9265,488,2003-08-19,2005-09-30,2025-08-15
율전이안,"경기도 수원시 장안구 율전로 73 (율전동, 율전 이안 아파트)",경기도 수원시 장안구 율전동 375-2,37.2963,126.967,15,031-297-6237,031-297-6238,383,2003-01-22,2005-10-10,2025-08-15
상송마을주공,"경기도 수원시 권선구 오목천로 15 (오목천동, 상송마을주공아파트)",경기도 수원시 권선구 오목천동 946,37.2404,126.9639,10~15,031-227-6689,031-227-6690,1185,2001-12-31,2005-10-31,2025-08-15
센트라우스,"경기도 수원시 권선구 세화로168번길 15 (서둔동, 센트라우스)",경기도 수원시 권선구 서둔동 371,37.2671,126.9948,15,031-298-6695,031-298-6685,1094,2003-09-09,2005-11-24,2025-08-15
희훈루체팰리스,"경기도 수원시 장안구 경수대로994번길 46 (송죽동, 희훈루체팰리스아파트)",경기도 수원시 장안구 송죽동 68-4,37.3069,127.0046,15,031-247-8208,031-247-8209,176,2003-09-02,2005-12-07,2025-08-15
오목천동 푸르지오2단지,"경기도 수원시 권선구 서수원로183번길 2 (오목천동, 오목천동 푸르지오 2단지)",경기도 수원시 권선구 오목천동 956,37.2436,126.9685,14~15,031-297-4825,031-297-4826,413,2003-06-30,2006-01-23,2025-08-15
오목천동 푸르지오1단지,"경기도 수원시 권선구 서수원로 219 (오목천동, 오목천동 푸르지오 1단지)",경기도 수원시 권선구 오목천동 951,37.2466,126.967,15,031-298-7414,031-298-7515,380,2003-06-30,2006-01-23,2025-08-15
수원로얄팰리스,"경기도 수원시 장안구 송정로 83 (송죽동, 수원로얄팰리스)",경기도 수원시 장안구 송죽동 514,37.2961,127.0083,31,031-888-7222,031-888-7223,614,2003-05-14,2006-01-27,2025-08-15
현대힐스테이트,"경기도 수원시 영통구 권광로260번길 36 (매탄동, 현대힐스테이트아파트)",경기도 수원시 영통구 매탄동 176-6,37.2721,127.0419,25,031-217-9502,031-217-9458,2328,2002-07-09,2006-02-28,2025-08-15
경남아너스빌,"경기도 수원시 장안구 만석로159번길 31 (정자동, 경남아너스빌)",경기도 수원시 장안구 정자동 297-9,37.3016,126.9974,15,031-244-1155,031-244-1158,422,2003-05-13,2006-04-26,2025-08-15
한라녹턴,"경기도 수원시 권선구 세지로 35 (세류동, 한라녹턴아파트)",경기도 수원시 권선구 세류동 1248,37.2551,127.0154,10,031-892-0001,031-892-8830,195,2004-02-16,2006-07-27,2025-08-15
영통아이파크,"경기도 수원시 영통구 삼성로320번길 62 (영통동, 영통아이파크)",경기도 수원시 영통구 영통동 7-11,37.266,127.0711,26~28,031-206-6552,031-206-6553,212,2004-04-27,2006-07-28,2025-08-15
"영통마젤란21(1단지,2단지)","경기도 수원시 영통구 영통로154번길 116 (망포동, 영통 마젤란21 아파트 (2단지))",경기도 수원시 영통구 망포동 509-7,37.2409,127.0628,15,031-203-5564,031-203-8166,267,2004-11-03,2006-11-29,2025-08-15
"영조아름다운나날(1단지,2단지)","경기도 수원시 권선구 서수원로 161-11 (오목천동, 영조아름다운나날1단지)",경기도 수원시 권선구 오목천동 961,37.241,126.9689,14~15,031-298-5326,031-298-5327,372,2003-06-18,2006-12-15,2025-08-15
정자벽산블루밍,"경기도 수원시 장안구 파장로 53 (정자동, 정자 벽산블루밍)",경기도 수원시 장안구 정자동 423-1,37.3054,126.9945,9~15,031-893-6668,031-893-6669,481,2004-12-22,2007-04-12,2025-08-15
영통 이-편한세상,"경기도 수원시 영통구 영통로200번길 239 (영통동, 영통 이-편한세상)",경기도 수원시 영통구 영통동 987-7,37.2461,127.0675,13~15,031-202-1364,031-202-1365,230,2004-12-22,2007-08-03,2025-08-15
동수원신도브래뉴,"경기도 수원시 팔달구 중부대로183번길 27 (우만동, 동수원신도브래뉴)",경기도 수원시 팔달구 우만동 606,37.2784,127.0368,15,031-217-1448,031-217-1449,200,2005-07-18,2007-08-21,2025-08-15
"남광하우스토리(1차,2차)","경기도 수원시 권선구 삼천병마로1598번길 28-16 (오목천동, 남광하우스토리)",경기도 수원시 권선구 오목천동 962,37.2453,126.9654,15,031-291-0378,031-291-0377,381,2004-07-02,2007-08-29,2025-08-15
정자 케이티 이-편한세상,"경기도 수원시 장안구 정자천로188번길 21 (정자동, 정자 케이티 이-편한세상)",경기도 수원시 장안구 정자동 24-24,37.2964,126.9981,15,031-247-5676,031-247-5675,288,2005-03-25,2008-01-30,2025-08-15
매탄위브하늘채,"경기도 수원시 영통구 효원로 363 (매탄동, 매탄 위브 하늘채)",경기도 수원시 영통구 매탄동 1352,37.2615,127.0395,18~30,031-216-9999,031-216-4646,3391,2004-12-31,2008-05-16,2025-08-15
대우월드마크,"경기도 수원시 영통구 봉영로 1620 (영통동, 대우 월드마크 영통)",경기도 수원시 영통구 영통동 996-3,37.255,127.0756,36,031-206-1762,031-206-1764,208,2005-04-12,2008-06-09,2025-08-15
삼정라츠,"경기도 수원시 영통구 영통로90번길 4-22 (망포동, 삼정라츠아파트)",경기도 수원시 영통구 망포동 717,37.2383,127.061,20,031-202-0416,031-202-0418,185,2006-03-24,2008-09-01,2025-08-15
수원시청역SKVIEW,"경기도 수원시 권선구 권선로694번길 26 (권선동, 권선 SK VIEW)",경기도 수원시 권선구 권선동 1035,37.2579,127.026,8~15,031-221-6262,031-221-6261,1018,2005-04-26,2008-11-06,2025-08-15
화서역푸르지오더에듀포레,"경기도 수원시 장안구 화산로 85 (천천동, 화서역푸르지오더에듀포레)",경기도 수원시 장안구 천천동 336-2,37.2912,126.9806,10~30,031-278-3722,031-278-3725,2571,2005-04-03,2008-11-28,2025-08-15
화서위브하늘채,"경기도 수원시 팔달구 수성로244번길 25 (화서동, 화서위브하늘채)",경기도 수원시 팔달구 화서동 743,37.2879,127,14~25,031-241-3641,031-241-3643,807,2005-05-17,2008-12-01,2025-08-15
수정,"경기도 수원시 팔달구 장다리로306번길 45 (인계동, 수정아파트)",경기도 수원시 팔달구 인계동 303-3,37.2731,127.0306,8~19,031-215-7284,031-215-7285,166,1990-12-24,2009-02-16,2025-08-15
서수원자이,"경기도 수원시 권선구 입북로 50 (입북동, 서수원 자이아파트)",경기도 수원시 권선구 입북동 810,37.2961,126.9597,13~15,031-278-2636,031-278-2638,921,2005-10-25,2009-02-26,2025-08-15
인계파밀리에,"경기도 수원시 팔달구 세지로 211 (인계동, 인계 파밀리에)",경기도 수원시 팔달구 인계동 865-10,37.2704,127.0232,20,031-236-1200,031-236-1210,431,2005-05-17,2009-06-04,2025-08-15
화서블루밍푸른숲,"경기도 수원시 팔달구 화양로50번길 30 (화서동, 블루밍 푸른숲 아파트)",경기도 수원시 팔달구 화서동 250-4,37.2819,127.0011,18,031-258-3494,031-258-3496,1744,2005-04-06,2009-06-23,2025-08-15
광교산임광그대가,"경기도 수원시 장안구 수일로 205 (조원동, 광교산임광그대가)",경기도 수원시 장안구 조원동 912,37.307,127.0134,22,031-258-4820,031-258-4822,482,2007-10-15,2009-06-29,2025-08-15
인계극동스타클래스,"경기도 수원시 팔달구 경수대로 534 (인계동, 인계극동스타클래스)",경기도 수원시 팔달구 인계동 945,37.2733,127.0299,15,031-226-7888,031-226-7884,165,2007-05-04,2009-07-31,2025-08-15
래미안 노블클래스,"경기도 수원시 팔달구 권광로 246 (인계동, 래미안 노블클래스)",경기도 수원시 팔달구 인계동 384,37.2694,127.0353,26,031-217-0887,031-217-0850,1351,2005-05-09,2009-08-26,2025-08-15
권선데시앙,"경기도 수원시 권선구 세권로36번길 17 (세류동, 수원 권선 데시앙)",경기도 수원시 권선구 세류동 1249,37.2584,127.0083,13,031-238-2557,031-238-2555,222,2007-02-26,2009-09-09,2025-08-15
수원권선 어울림,"경기도 수원시 권선구 세권로43번길 26-6 (세류동, 수원권선 어울림)",경기도 수원시 권선구 세류동 1255-1,37.2597,127.01,15,031-224-3101,031-224-3102,160,2007-11-15,2010-01-01,2025-08-15
한화꿈에그린파크,"경기도 수원시 팔달구 효원로308번길 16 (인계동, 한화 꿈에그린 파크)",경기도 수원시 팔달구 인계동 1127-7,37.2598,127.0346,20,031-225-9646,031-225-3397,212,2007-09-03,2010-03-18,2025-08-15
매탄 e-편한세상,"경기도 수원시 영통구 매봉로 20 (매탄동, 매탄 e-편한세상)",경기도 수원시 영통구 매탄동 1209,37.2694,127.0528,25,031-211-4303,031-211-4304,580,2007-09-21,2010-05-28,2025-08-15
kcc스위첸,"경기도 수원시 장안구 송원로 131-28 (조원동, 수원광교산스위첸)",경기도 수원시 장안구 조원동 910,37.3068,127.0119,22,031-253-0580,031-253-9580,218,2007-10-19,2010-06-04,2025-08-15
센트럴하이츠,"경기도 수원시 영통구 영통로154번길 51-16 (망포동, 센트럴하이츠아파트)",경기도 수원시 영통구 망포동 718,37.2419,127.0589,22,031-203-0335,031-203-0336,549,2007-10-26,2010-07-09,2025-08-15
화서역 동문굿모닝힐,"경기도 수원시 팔달구 화양로67번길 10 (화서동, 수원화서역 동문굿모닝힐아파트)",경기도 수원시 팔달구 화서동 761,37.2846,126.9951,28,031-245-3180,031-245-3179,293,2007-06-05,2010-07-09,2025-08-15
그대가 프리미어,"경기도 수원시 영통구 덕영대로1484번길 21 (망포동, 그대가 프리미어)",경기도 수원시 영통구 망포동 720,37.2447,127.0537,16~21,031-202-4911,031-202-4918,602,2007-10-26,2010-08-03,2025-08-15
그대가 센트럴파크,"경기도 수원시 영통구 영통로174번길 12 (망포동, 그대가 센트럴파크)",경기도 수원시 영통구 망포동 722,37.2426,127.0566,23,031-273-6226,031-273-6008,270,2007-10-26,2010-08-30,2025-08-15
서희스타힐스3단지,"경기도 수원시 장안구 덕영대로407번길 83 (율전동, 서희스타힐스3단지)",경기도 수원시 장안구 율전동 560,37.3046,126.9668,15,031-268-9902,031-268-9903,180,2005-01-15,2010-12-24,2025-08-15
수원호매실휴먼시아4단지,"경기도 수원시 권선구 금곡로 137 (금곡동, 수원호매실휴먼시아4단지아파트)",경기도 수원시 권선구 금곡동 1072,37.2753,126.9463,10~20,031-294-5101,031-294-5102,980,2006-12-20,2011-07-19,2025-08-15
광교한양수자인,"경기도 수원시 영통구 웰빙타운로 19 (이의동, 광교한양수자인)",경기도 수원시 영통구 이의동 1211,37.3043,127.0484,15,031-212-1422,031-212-1423,214,2009-05-06,2011-07-29,2025-08-15
호매실휴먼시아7단지,"경기도 수원시 권선구 금곡로102번길 126 (호매실동, 수원호매실휴먼시아7단지아파트)",경기도 수원시 권선구 호매실동 1340,37.2697,126.9426,11~20,031-294-0882,031-293-0884,980,2006-12-28,2011-08-19,2025-08-15
수원호매실휴먼시아8단지,"경기도 수원시 권선구 금곡로140번길 29 (금곡동, 수원호매실휴먼시아8단지아파트)",경기도 수원시 권선구 금곡동 1095,37.272,126.9457,12~20,031-278-7516,031-278-7518,1270,2006-12-20,2011-08-19,2025-08-15
권선자이e편한세상,"경기도 수원시 권선구 권광로 55 (권선동, 권선자이 이편한세상)",경기도 수원시 권선구 권선동 1330-1,37.255,127.0258,14~15,031-898-6527,031-898-6529,1753,2005-03-21,2011-09-21,2025-08-15
광교호수마을 호반써밋,"경기도 수원시 영통구 법조로 134 (하동, 광교호수마을 호반써밋)",경기도 수원시 영통구 하동 994,37.2915,127.0724,30~36,031-216-7338,031-216-7330,1188,2008-07-16,2011-09-29,2025-08-15
광교해모로,"경기도 수원시 영통구 광교로 286 (이의동, 광교 해모로 아파트)",경기도 수원시 영통구 이의동 1226,37.3057,127.0524,12~15,031-216-8754,031-216-8755,466,2007-12-27,2011-10-07,2025-08-15
광교휴먼시아20단지,"경기도 수원시 영통구 광교호수로 84 (하동, 휴먼시아아파트)",경기도 수원시 영통구 하동 1034,37.276,127.0676,7~23,031-211-4984,031-211-8993,375,2009-06-30,2011-10-24,2025-08-15
아이파크시티3단지,"경기도 수원시 권선구 동수원로145번길 73 (권선동, 수원아이파크시티3단지) ",경기도 수원시 권선구 권선동 1359,37.2416,127.0255,13~14,031-898-9870,031-898-9872,793,2009-03-25,2011-10-29,2025-08-15
아이파크시티1단지,"경기도 수원시 권선구 동수원로145번길 74 (권선동, 수원아이파크시티1단지)",경기도 수원시 권선구 권선동 1360,37.2452,127.0262,12~14,031-898-9866,031-898-9867,543,2009-03-25,2011-10-29,2025-08-15
호매실역서희스타힐스,"경기도 수원시 권선구 금곡로 46 (금곡동, 수원호매실휴먼시아5단지아파트) ",경기도 수원시 권선구 금곡동 1081,37.2714,126.9392,9~20,031-296-0967,031-296-0981,1318,2007-12-31,2011-11-01,2025-08-15
광교휴먼시아32단지,"경기도 수원시 영통구 광교중앙로 247 (하동, 휴먼시아아파트) ",경기도 수원시 영통구 하동 956,37.2946,127.0655,20~25,031-217-8325,031-217-8327,2289,2007-11-26,2011-11-07,2025-08-15
호매실휴먼시아16단지,"경기도 수원시 권선구 호매실로165번길 30 (호매실동, 수원호매실휴먼시아16단지아파트)",경기도 수원시 권선구 호매실동 1389,37.2595,126.955,10~20,031-295-5950,031-295-5952,880,2006-12-20,2011-11-12,2025-08-15
호매실경남아너스빌,"경기도 수원시 권선구 호매실로165번길 70 (호매실동, 호매실경남아너스빌)",경기도 수원시 권선구 호매실동 1388,37.2601,126.952,10~20,031-227-0055,031-227-0515,1029,2007-12-31,2011-11-18,2025-08-15
광교2차 e편한세상,"경기도 수원시 영통구 웰빙타운로 50 (이의동, 광교2차 e편한세상)",경기도 수원시 영통구 이의동 1200,37.3065,127.0469,13~15,031-212-7806,031-212-7807,442,2009-12-10,2011-12-02,2025-08-15
호반가든하임,"경기도 수원시 영통구 웰빙타운로 20 (이의동, 호반가든하임)",경기도 수원시 영통구 이의동 1212,37.3057,127.0504,4~5,031-213-7474,031-213-7466,320,2009-11-09,2011-12-15,2025-08-15
광교호반베르디움,"경기도 수원시 영통구 웰빙타운로 70 (이의동, 광교 호반베르디움)",경기도 수원시 영통구 이의동 1184,37.3066,127.0447,13~15,031-216-8757,031-216-8758,555,2009-09-18,2011-12-15,2025-08-15
아이파크시티2단지,"경기도 수원시 권선구 동수원로145번길 24 (권선동, 수원아이파크시티2단지)",경기도 수원시 권선구 권선동 1361,37.2453,127.0298,10~14,031-226-1855,031-226-1854,1135,2009-11-26,2012-01-19,2025-08-15
아이파크시티4단지,"경기도 수원시 권선구 동수원로145번길 23 (권선동, 수원아이파크시티4단지)",경기도 수원시 권선구 권선동 1357,37.2433,127.0285,13~14,031-225-9232,031-225-9230,889,2009-11-26,2012-01-19,2025-08-15
래미안광교,"경기도 수원시 영통구 센트럴파크로 60 (이의동, 래미안 광교)",경기도 수원시 영통구 이의동 1304,37.2911,127.0604,31~34,031-211-5165,031-211-5168,629,2009-08-27,2012-02-17,2025-08-15
오드카운티,"경기도 수원시 영통구 센트럴파크로 100 (이의동, 광교 센트럴타운 오드카운티)",경기도 수원시 영통구 이의동 1303,37.2919,127.0586,22~32,031-216-8481,031-216-8483,668,2009-03-13,2012-02-17,2025-08-15
장안힐스테이트,"경기도 수원시 장안구 장안로359번길 20 (이목동, 수원장안힐스테이트)",경기도 수원시 장안구 이목동 916,37.3137,126.9844,12~19,031-269-3395,031-269-3390,927,2009-10-20,2012-02-28,2025-08-15
호수마을광교상록,"경기도 수원시 영통구 법조로150번길 19 (하동, 호수마을광교상록아파트)",경기도 수원시 영통구 하동 992,37.2934,127.073,18~26,031-215-2970,031-215-2971,533,,2012-06-08,2025-08-15
광교레이크파크 한양수자인,"경기도 수원시 영통구 광교호수로152번길 23 (하동, 광교 LAKE PARK 한양수자인)",경기도 수원시 영통구 하동 1027,37.2811,127.0723,26~34,031-211-1937,031-211-1938,453,2009-11-04,2012-07-13,2025-08-15
R타워,"경기도 수원시 팔달구 중부대로239번길 5 (우만동, 우만동R타워)",경기도 수원시 팔달구 우만동 89-34,37.2757,127.0421,,031-216-5313,031-216-5314,159,2011-05-17,2012-10-25,2025-08-15
자연앤힐스테이트,"경기도 수원시 영통구 도청로 65 (이의동, 자연앤 힐스테이트)",경기도 수원시 영통구 이의동 1344,37.2893,127.0493,18~35,031-213-1755,031-213-1756,1764,2009-11-26,2012-11-29,2025-08-15
자연앤자이3단지,"경기도 수원시 영통구 도청로17번길 23 (이의동, 자연앤자이)",경기도 수원시 영통구 이의동 1339,37.2853,127.0543,33~34,031-213-2775,031-213-2776,378,2009-12-21,2012-12-05,2025-08-15
자연앤자이2단지,"경기도 수원시 영통구 에듀타운로 65 (이의동, 자연앤자이)",경기도 수원시 영통구 이의동 1353,37.2863,127.05,14~32,031-213-3505,031-213-3506,522,2009-12-21,2012-12-05,2025-08-15
자연앤자이1단지,"경기도 수원시 영통구 에듀타운로 35 (이의동, 자연앤자이)",경기도 수원시 영통구 이의동 1367,37.2858,127.0504,17~34,031-213-5525,031-213-5526,273,2009-12-21,2012-12-05,2025-08-15
e편한세상광교,"경기도 수원시 영통구 센트럴타운로 76 (이의동, e편한세상 광교)",경기도 수원시 영통구 이의동 1326,37.2911,127.0524,10~39,031-216-6456,031-216-6459,1970,2010-03-23,2012-12-06,2025-08-15
인계푸르지오,"경기도 수원시 팔달구 중부대로170번길 17 (인계동, 수원인계푸르지오)",경기도 수원시 팔달구 인계동 1169,37.277,127.0352,34,031-216-1297,031-216-1294,190,2010-01-18,2012-12-11,2025-08-15
에일린의 뜰,"경기도 수원시 영통구 광교호수공원로155 (원천동, 수원광교에일린의뜰)",경기도 수원시 영통구 원천동 590,37.2766,127.0602,2~4,031-214-7972,031-214-7973,240,2010-12-07,2012-12-17,2025-08-15
서수원엠코타운르본느,"경기도 수원시 권선구 구운로47번길 59 (구운동, 서수원엠코타운 르본느)",경기도 수원시 권선구 구운동 973,37.2776,126.9697,13~15,031-298-7224,031-298-7225,204,2005-12-06,2013-02-08,2025-08-15
"수원장안STX칸(1단지,2단지)","경기도 수원시 장안구 장안로 395 (이목동, 수원 장안 STX KAN 1단지아파트)",경기도 수원시 장안구 이목동 918,37.3144,126.9833,2/15~26,031-269-6669,031-271-6669,947,2010-05-06,2013-02-28,2025-08-15
신일유토빌,"경기도 수원시 권선구 동수원로146번길 281-25 (곡반정동, 권선신일유토빌)",경기도 수원시 권선구 곡반정동 548,37.2404,127.0296,11~15,031-237-0220,031-237-7220,243,2006-06-22,2013-04-01,2025-08-15
SK SKY VIEW,"경기도 수원시 장안구 이목로 24 (정자동, 수원 SK SKY VIEW)",경기도 수원시 장안구 정자동 945,37.3094,126.9836,31~40,031-269-8711,031-269-8714,3498,2010-05-12,2013-05-17,2025-08-15
청명센트레빌,"경기도 수원시 영통구 영통로525번길 35 (영통동, 청명센트레빌) ",경기도 수원시 영통구 영통동 1166,37.2654,127.0753,19~20,031-202-8112,031-202-8113,233,2007-11-07,2013-06-04,2025-08-15
내안애애플,"경기도 수원시 팔달구 권광로367번길 11 (우만동, 양우 내안애 애플 아파트)",경기도 수원시 팔달구 우만동 607,37.2792,127.0369,,031-215-2210,031-215-2230,284,2012-02-14,2013-09-04,2025-08-15
광교센트럴타운60단지,"경기도 수원시 영통구 센트럴타운로22번길 36 (이의동, 광교센트럴타운60단지)",경기도 수원시 영통구 이의동 1334,37.2892,127.0579,10~26,031-217-6055,031-217-6054,701,2007-12-27,2013-11-04,2025-08-15
광교센트럴타운62단지,"경기도 수원시 영통구 센트럴파크로 34 (하동, 광교센트럴타운62단지)",경기도 수원시 영통구 하동 1013,37.2898,127.0625,23~27,031-212-5508,031-212-5509,637,2007-12-27,2013-11-04,2025-08-15
래미안 영통마크원 1단지,"경기도 수원시 영통구 권선로908번길 72 (신동, 래미안영통마크원1단지)",경기도 수원시 영통구 신동 939,37.2465,127.0429,2/18~23,031-202-8679,031-202-8672,367,2011-03-14,2013-11-07,2025-08-15
래미안 영통마크원 2단지,"경기도 수원시 영통구 삼성로 11 (신동, 래미안 영통마크원 2단지)",경기도 수원시 영통구 신동 940,37.2478,127.0464,2/18~27,031-202-8748,031-202-8758,963,2011-03-14,2013-11-07,2025-08-15
한양수자인 에듀파크,"경기도 수원시 영통구 영통로154번길 56 (망포동, 한양수자인 에듀파크)",경기도 수원시 영통구 망포동 723,37.2411,127.0582,21,031-204-8330,031-204-8320,530,2007-10-09,2013-12-03,2025-08-15
광교마을40단지,"경기도 수원시 영통구 광교마을로 156 (하동, 광교마을40단지) ",경기도 수원시 영통구 하동 1001,37.2953,127.0813,23~29,031-215-7033,031-215-7035,1702,2007-12-27,2013-12-12,2025-08-15
광교모아엘가레이크뷰,"경기도 수원시 영통구 광교호수로152번길 24 (하동, 광교 모아엘가 레이크 뷰)",경기도 수원시 영통구 하동 1028,37.2804,127.0698,27,031-213-2248,031-213-2249,258,2007-12-27,2014-01-24,2025-08-15
광교호반마을21단지,"경기도 수원시 영통구 광교호수로152번길 80 (하동, 광교호반마을21단지) ",경기도 수원시 영통구 하동 1032,37.2783,127.0682,29,031-216-9744,031-216-9745,394,2007-12-27,2014-01-24,2025-08-15
서수원 레이크 푸르지오 1단지,"경기도 수원시 권선구 입북로77번길 62 (입북동, 서수원 레이크 푸르지오 1단지)",경기도 수원시 권선구 입북동 814,37.2999,126.9542,29,031-278-4741,031-278-4742,569,2008-07-17,2014-02-04,2025-08-15
서수원 레이크 푸르지오 2단지,"경기도 수원시 권선구 입북로77번길 61 (입북동, 서수원 레이크 푸르지오 2단지)",경기도 수원시 권선구 입북동 815,37.2993,126.9522,30,031-278-4711,031-278-4713,797,2008-07-17,2014-02-04,2025-08-15
포레스트,"경기도 수원시 팔달구 세지로 279-1 (지동, 포레스트)",경기도 수원시 팔달구 지동 365-20,37.276,127.0233,10,031-306-0285,070-8244-0286,184,2011-11-07,2014-03-27,2025-08-15
광교호반베르디움,"경기도 수원시 영통구 광교호수공원로 45 (원천동, 광교 호반베르디움)",경기도 수원시 영통구 원천동 606,37.2733,127.057,26~31,031-214-6112,031-214-6113,1330,2011-08-05,2014-06-02,2025-08-15
호매실더센트라고,"경기도 수원시 권선구 서수원로577번길 263 (금곡동, 호매실 더 센트라고)",경기도 수원시 권선구 금곡동 1076,37.2762,126.9432,14~19,031-278-4946,031-278-4947,450,2008-11-28,2014-06-10,2025-08-15
광교에듀타운50단지,"경기도 수원시 영통구 에듀타운로 7 (이의동, 광교에듀타운50단지)",경기도 수원시 영통구 이의동 1370,37.2838,127.0524,1/20~29,031-212-5104,031-212-5105,224,2010-11-12,2014-06-26,2025-08-15
코스모골드,"경기도 수원시 팔달구 장다리로 325 (인계동, 코스모골드)",경기도 수원시 팔달구 인계동 939-5,37.2771,127.0313,16,031-267-1649,031-267-1629,266,2012-04-17,2014-07-22,2025-08-15
Y CITY(와이시티),"경기도 수원시 권선구 금곡로 20 (금곡동, Y CITY(와이시티))",경기도 수원시 권선구 금곡동 1100,37.2691,126.9394,1/13~25,031-293-3210,031-293-3311,660,2007-12-31,2014-08-11,2025-08-15
호매실스위첸,"경기도 수원시 권선구 호매실로166번길 63 (호매실동, 호매실스위첸)",경기도 수원시 권선구 호매실동 1394,37.2609,126.9619,17~25,031-293-2332,031-293-2992,1050,2006-12-20,2014-08-11,2025-08-15
화서한신휴플러스,"경기도 수원시 팔달구 수성로258번길 52 (화서동, 화서 한신휴플러스)",경기도 수원시 팔달구 화서동 769,37.287,127.0022,15~19,031-246-8517,031-246-8516,198,2010-11-25,2014-10-16,2025-08-15
써밋플레이스 광교,"경기도 수원시 영통구 센트럴타운로 85 (이의동, 광교C1 호반베르디움, Summit Place광교)",경기도 수원시 영통구 이의동 1332,37.2916,127.0505,11~29,031-212-2297,031-212-2273,508,2011-11-01,2015-02-26,2025-08-15
씨즈더원,경기도 수원시 권선구 효원로220번길 17 (권선동),경기도 수원시 권선구 권선동 1011-9,37.2622,127.0258,14,031-302-8008,031-302-6225,228,2015-03-13,2015-03-19,2025-08-15
호매실마을13단지,"경기도 수원시 권선구 호매실로218번길 111 (호매실동, 호매실마을13단지)",경기도 수원시 권선구 호매실동 1371,37.2655,126.9582,18~25,031-227-9005,031-227-9050,1428,2006-12-20,2015-04-14,2025-08-15
수원역해모로,"경기도 수원시 권선구 세류로 60 (세류동, 수원역해모로)",경기도 수원시 권선구 세류동 1260,37.2653,127.0104,13~15,031-267-4471,031-267-4472,863,2007-11-06,2015-07-29,2025-08-15
LH수원센트럴타운2단지,"경기도 수원시 권선구 세류로 39 (세류동, LH수원센트럴타운2단지) ",경기도 수원시 권선구 세류동 1270,37.2634,127.0061,14~15,031-224-0027,031-237-0027,800,2007-11-06,2015-07-29,2025-08-15
수원역센트럴어반시티,"경기도 수원시 권선구 세권로 1 (세류동, 수원역센트럴어반시티)",경기도 수원시 권선구 세류동 1280,37.2614,127.0047,11~15,031-235-1877,031-235-1977,1019,2007-11-06,2015-07-29,2025-08-15
광교역참누리포레스트,"경기도 수원시 영통구 대학3로 5 (이의동, 광교역참누리포레스트)",경기도 수원시 영통구 이의동 1252,37.3029,127.0384,7,031-216-7510,031-216-7511,356,2011-09-02,2015-07-30,2025-08-15
광교푸르지오월드마크,"경기도 수원시 영통구 센트럴타운로 107 (이의동, 광교푸르지오 월드마크, 월드스퀘어) ",경기도 수원시 영통구 이의동 1331,37.2926,127.0481,48,031-217-1733,031-217-1734,350,2011-10-12,2015-08-06,2025-08-15
"수원아이파크시티(5단지,6단지)","경기도 수원시 권선구 곡선로 10 (권선동, 수원아아파크시티5단지)",경기도 수원시 권선구 권선동 1355,37.2392,127.0257,13~15,031-898-9169,031-898-9171,1152,2010-12-07,2015-08-25,2025-08-15
호매실능실마을22단지,"경기도 수원시 권선구 호매실로166번길 10 (호매실동, 호매실능실마을22단지)",경기도 수원시 권선구 호매실동 1415,37.2585,126.958,25,031-292-2116,031-292-2117,712,2010-12-29,2016-01-29,2025-08-15
영통 SK VIEW,"경기도 수원시 영통구 영통로200번길 112 (망포동, 영통 SK VIEW)",경기도 수원시 영통구 망포동 725,37.2418,127.0615,16~25,031-202-9841,031-202-9853,710,2007-10-28,2016-06-10,2025-08-15
아이파크시티7단지,"경기도 수원시 권선구 덕영대로1190번길 100 (권선동, 수원아이파크시티7단지)",경기도 수원시 권선구 권선동 1337,37.2447,127.0194,14~15,031-267-2930,031-267-2934,1596,2014-07-10,2016-08-22,2025-08-15
e편한세상 영통2차 1단지,"경기도 수원시 영통구 봉영로 1410-17 (망포동, e편한세상 영통2차 1단지)",경기도 수원시 영통구 망포동 726,37.2396,127.064,17~24,031-205-8005,031-205-8006,392,2007-11-02,2016-12-12,2025-08-15
e편한세상 영통2차 2단지,"경기도 수원시 영통구 봉영로 1432-36 (망포동, e편한세상 영통2차 2단지)",경기도 수원시 영통구 망포동 727,37.2408,127.066,21~24,031-203-8001,031-203-8002,270,2007-11-02,2016-12-12,2025-08-15
오목천서희스타힐스,"경기도 수원시 권선구 온정로9번길 36 (오목천동, 서희스타힐스아파트)",경기도 수원시 권선구 오목천동 1170-4,37.2486,126.9619,19~24,031-293-3280,031-295-3480,844,2013-01-15,2016-12-28,2025-08-15
호매실엔루체,"경기도 수원시 권선구 호매실로166번길 70 (호매실동, 호매실 엔루체(N'LUCE))",경기도 수원시 권선구 호매실동 1414,37.2579,126.9607,25,031-278-6311,031-278-6312,430,2012-12-28,2016-12-30,2025-08-15
광교파크자이더테라스,"경기도 수원시 영통구 웰빙타운로 130 (이의동, 광교파크자이더테라스)",경기도 수원시 영통구 이의동 1177,37.3103,127.0368,4,031-216-8501,031-216-8502,268,2015-06-11,2017-02-24,2025-08-15
e편한세상 TERRACE 광교 West hill,"경기도 수원시 영통구 웰빙타운로56번길 76 (이의동, e편한세상 TERRACE 광교 West hill)",경기도 수원시 영통구 이의동 1197,37.3082,127.0468,4,031-214-3309,031-214-3359,317,2015-04-17,2017-04-03,2025-08-15
e편한세상 TERRACE 광교 East hill,"경기도 수원시 영통구 웰빙타운로36번길 46-23 (이의동, e편한세상 TERRACE 광교 East hill)",경기도 수원시 영통구 이의동 1214,37.3072,127.0497,4,031-214-4402,031-214-4403,259,2015-04-17,2017-04-03,2025-08-15
호반써밋 수원,"경기도 수원시 권선구 매곡로 67 (금곡동, 호반써밋 수원)",경기도 수원시 권선구 금곡동 1146,37.2708,126.9532,25,031-295-1745,031-295-1746,567,2014-07-29,2017-04-03,2025-08-15
호반베르디움 더센트럴,"경기도 수원시 권선구 매곡로 43 (금곡동, 호반베르디움 더 센트럴) ",경기도 수원시 권선구 금곡동 1147,37.2697,126.9518,17~25,031-297-7684,031-297-7685,1100,2014-07-29,2017-04-03,2025-08-15
수원아너스빌위즈,"경기도 수원시 장안구 송원로 20 (송죽동, 수원 아너스빌 위즈)",경기도 수원시 장안구 송죽동 517-5,37.2971,127.0066,45,031-242-3203,031-248-4801,798,2009-04-06,2017-04-18,2025-08-15
광교호반베르디움트라엘,"경기도 수원시 영통구 대학로 98 (이의동, 광교 호반베르디움 트라엘) ",경기도 수원시 영통구 이의동 1229,37.3033,127.0492,9~15,031-217-3008,031-217-3009,446,2015-03-03,2017-05-10,2025-08-15
아이파크시티8단지,"경기도 수원시 권선구 동수원로177번길 40 (권선동, 수원아이파크시티8단지)",경기도 수원시 권선구 권선동 1364,37.2467,127.0301,15,031-898-9719,031-898-9721,282,2015-02-27,2017-06-29,2025-08-15
아이파크시티9단지,"경기도 수원시 권선구 동수원로177번길 90 (권선동, 수원아이파크시티9단지)",경기도 수원시 권선구 권선동 1362,37.2474,127.0271,15,031-898-9319,031-898-9321,268,2015-02-27,2017-06-29,2025-08-15
영통라온프라이빗,"경기도 수원시 영통구 영통로200번길 111 (영통동, 영통라온프라이빗)",경기도 수원시 영통구 영통동 1154,37.2447,127.0642,24~28,031-203-1135,031-203-1136,351,2014-12-12,2017-07-31,2025-08-15
힐스테이트영통,"경기도 수원시 영통구 덕영대로 1462-14 (망포동, 힐스테이트 영통 아파트)",경기도 수원시 영통구 망포동 728,37.2416,127.0471,23~29,031-202-2989,031-202-2913,2140,2014-05-12,2017-08-30,2025-08-15
"수원모아미래도센트럴타운(1단지,2단지)","경기도 수원시 권선구 서수원로577번길 341 (금곡동, 수원모아미래도센트럴타운1단지)",경기도 수원시 권선구 금곡동 1078,37.2763,126.9371,24~25,031-291-3863,031-292-3863,1452,2015-04-23,2017-09-08,2025-08-15
극동스타클래스,"경기도 수원시 권선구 금곡로140번길 73 (호매실동, 극동스타클래스)",경기도 수원시 권선구 호매실동 1352,37.2706,126.9458,22,031-278-0213,031-278-0215,999,2007-12-31,2017-11-21,2025-08-15
성균관대역 동문 디 이스트,"경기도 수원시 장안구 율전로101번길 73 (율전동, 성균관대역 동문 디 이스트)",경기도 수원시 장안구 율전동 600,37.2972,126.9655,24,031-278-7133,031-278-7135,699,2007-09-21,2017-12-07,2025-08-15
호매실벨섬시티14단지,"경기도 수원시 권선구 호매실로218번길 22 (호매실동, 호매실마을 14단지 벨섬시티) ",경기도 수원시 권선구 호매실동 1380,37.2632,126.9581,25,031-292-3469,031-292-3470,1300,2015-07-31,2017-12-07,2025-08-15
수원권선 꿈에그린,"경기도 수원시 권선구 서수원로 99 (오목천동, 수원권선 꿈에그린 아파트) ",경기도 수원시 권선구 오목천동 1180,37.2365,126.9739,20,031-298-6623,031-298-6624,2400,2011-04-26,2018-02-26,2025-08-15
엘에이치호매실스타힐스,"경기도 수원시 권선구 호매실로 103 (호매실동, 엘에이치호매실스타힐스)",경기도 수원시 권선구 호매실동 1408,37.255,126.9614,21,031-291-0338,031-291-0302,1100,2014-12-18,2018-04-05,2025-08-15
힐스테이트광교,"경기도 수원시 영통구 센트럴파크로 6 (하동, 힐스테이트 광교)",경기도 수원시 영통구 하동 1021,37.2867,127.0649,49,031-216-9306,031-216-9399,928,2014-10-15,2018-05-29,2025-08-15
한양수자인파크원,"경기도 수원시 권선구 칠보로 102 (호매실동, 한양수자인파크원)",경기도 수원시 권선구 호매실동 1361,37.2658,126.9504,25,031-291-3912,031-291-3913,1394,2015-11-03,2018-05-31,2025-08-15
수원광교 행복주택,"경기도 수원시 영통구 창룡대로 250 (이의동, 수원광교 행복주택) ",경기도 수원시 영통구 이의동 1284,37.2949,127.0369,12,031-216-1123,031-216-1125,204,2016-12-16,2018-06-18,2025-08-15
광교더샵,"경기도 수원시 영통구 광교호수로 15 (원천동, 광교더샵)",경기도 수원시 영통구 원천동 604,37.2707,127.061,49,031-214-5982,031-217-1664,686,2015-05-11,2018-08-01,2025-08-15
광교아이파크,"경기도 수원시 영통구 광교호수공원로 80 (원천동, 광교아이파크)",경기도 수원시 영통구 원천동 593,37.2731,127.0613,49,031-216-9431,031-216-9433,958,2015-04-28,2018-09-28,2025-08-15
힐스테이트 호매실,"경기도 수원시 권선구 호매실로166번길 33 (호매실동, 힐스테이트 호매실) ",경기도 수원시 권선구 호매실동 1393,37.2595,126.9579,25,031-292-1393,031-292-1402,800,2016-08-31,2018-11-30,2025-08-15
영통아이파크캐슬2단지,"경기도 수원시 영통구 덕영대로 1400 (망포동, 영통아이파크캐슬2단지)",경기도 수원시 영통구 망포동 760,37.2418,127.0415,24,031-203-7751,031-203-7752,1162,2016-09-22,2019-01-21,2025-08-15
수원광교 공공실버주택,"경기도 수원시 영통구 월드컵로150번길 55 (원천동, 수원광교 공공실버주택) ",경기도 수원시 영통구 원천동 565,37.2797,127.0499,10,031-273-9850,031-273-9851,152,2017-01-16,2019-02-18,2025-08-15
영통아이파크캐슬1단지,"경기도 수원시 영통구 덕영대로 1410 (망포동, 영통아이파크캐슬 1단지)",경기도 수원시 영통구 망포동 766,37.2418,127.0437,27,031-202-4700,031-202-4701,1783,2016-09-22,2019-03-12,2025-08-15
인계한양수자인,"경기도 수원시 팔달구 중부대로 80 (인계동, 인계한양수자인)",경기도 수원시 팔달구 인계동 1170,37.2758,127.0248,14~25,031-233-3111,031-233-5111,279,2016-07-11,2019-04-29,2025-08-15
인계리치안,경기도 수원시 팔달구 경수대로466번길 59,경기도 수원시 팔달구 인계동 1035-9,37.267,127.0305,11,031-225-0060,031-232-0060,180,2017-04-27,2019-04-29,2025-08-15
광교중흥에스클래스,"경기도 수원시 영통구 광교호수공원로 277 (원천동, 광교중흥에스클래스)",경기도 수원시 영통구 원천동 589,37.2839,127.0568,49,031-211-1137,031-211-1149,2231,2015-05-18,2019-05-30,2025-08-15
호매실금호어울림에듀포레,"경기도 수원시 권선구 호매실로165번길 71 (호매실동, 호매실 금호어울림 에듀포레) ",경기도 수원시 권선구 호매실동 1420,37.2587,126.9521,18~25,031-291-0970,031-291-0977,532,2015-12-28,2019-08-14,2025-08-15
루체스타,경기도 수원시 팔달구 갓매산로76번길 10 ,경기도 수원시 팔달구 고등동   305-10,37.2705,127.0029,3~13,031-258-9818,031-292-9997,275,2018-04-20,2020-09-17,2025-08-15
광교원천 경기행복주택,"경기도 수원시 영통구 광교중앙로 49번길 40 (원천동, 광교원천행복주택)",경기도 수원시 영통구 원천동   559,37.2806,127.0502,14,031-216-2021,031-212-8648,300,2017-12-29,2020-10-27,2025-08-15
수원인계동문굿모닝힐,"경기도 수원시 팔달구 중부대로220번길 10 (인계동, 인계동문굿모닝힐)",경기도 수원시 팔달구 인계동 1171,,,31~33,031-267-3515,031-267-3516,298,2008-01-18,2020-11-25,2025-08-15
수원고등LH2단지(행복주택),"경기도 수원시 팔달구 고등로 8 (고등동, 수원고등 LH2단지)",경기도 수원시 팔달구 고등동   272-50,37.2726,126.9986,15,031-256-2201,031-256-2202,500,2008-11-27,2021-01-15,2025-08-15
수원역 푸르지오 자이,"경기도 수원시 팔달구 고등로 15 (고등동, 수원역푸르지오자이)",경기도 수원시 팔달구 고등동   156-117,37.2733,126.9994,10~20,031-242-4086,031-245-4086,4086,2008-11-27,2021-01-29,2025-08-15
수원역한라비발디퍼스트,"경기도 수원시 권선구 세화로154번길 7-10 (서둔동, 수원역 한라비발디 퍼스트)",경기도 수원시 권선구 서둔동 418,,,15,031-292-1999,031-292-9997,288,2019-01-10,2021-06-17,2025-08-15
화서역파크푸르지오,"경기도 수원시 장안구 대평로 27 (정자동, 화서역 파크푸르지오)",경기도 수원시 장안구 정자동 950,,,20~46,031-269-2355,031-269-2356,2355,2018-02-26,2021-08-23,2025-08-15
수원역푸르지오더스마트,"경기도 수원시 팔달구 고등로 13 (고등동, 수원역푸르지오더스마트)",경기도 수원시 팔달구 고등동   201-16,37.2734,126.9979,15,031-546-2974,031-546-2975,285,2019-08-28,2022-05-03,2025-08-15
더샵광교산퍼스트파크,경기도 수원시 장안구 송정로 190,경기도 수원시 장안구 조원동   431-2,37.299,127.0178,21,031-895-4146,031-895-4147,666,2015-07-23,2022-05-27,2025-08-15
수원하늘채더퍼스트1단지,"경기도 수원시 권선구 망포로 13 (곡반정동, 수원 하늘채 더퍼스트 1단지)",경기도 수원시 권선구 곡반정동 652,,,12~15,031-222-0856,031-224-0856,1403,2018-07-31,2022-06-13,2025-08-15
수원하늘채더퍼스트2단지,"경기도 수원시 권선구 망포로 14 (곡반정동, 수원 하늘채 더퍼스트2단지)",경기도 수원시 권선구 곡반정동 654,,,12~15,031-546-5853,031-546-5863,1833,2018-07-31,2022-06-13,2025-08-15
한일베라체에코플러스,"경기도 수원시 팔달구 중부대로 203 (우만동, 한일베라체에코플러스)",경기도 수원시 팔달구 우만동   139-18,37.277,127.0384,36,031-213-2707,031-212-9598,202,2019-02-22,2022-06-20,2025-08-15
매교역푸르지오SK뷰,경기도 수원시 팔달구 인계로 20,경기도 수원시 팔달구 매교동 209-14,37.2694,127.0184,20,031-238-3601,031-238-3604,3603,2016-06-29,2022-07-27,2025-08-15
힐스테이트푸르지오수원,경기도 수원시 팔달구 효원로93번길 33,경기도 수원시 팔달구 매교동 98-3,37.2676,127.0134,15,031-233-2586,02-267-0856,2586,2015-12-31,2022-08-26,2025-08-15
영통자이,"경기도 수원시 영통구 영통로89번길 83 (망포동, 영통자이)",경기도 수원시 영통구 망포동 800,,,27,031-203-0976,031-203-0978,653,2019-10-01,2022-08-31,2025-08-15
영통아이파크캐슬3단지,"경기도 수원시 영통구 망포로84번길 10 (망포동, 영통아이파크캐슬3단지)",경기도 수원시 영통구 망포동 790,,,19,031-273-8601,031-273-8602,664,2018-12-31,2022-09-29,2025-08-15
쌍용더플래티넘오목천역,경기도 수원시 권선구 삼천병마로1566번길 17 (오목천동),경기도 수원시 권선구 오목천동 454-1,37.2424,126.964,22,031-297-5006,031-297-5007,930,2017-12-07,2022-10-28,2025-08-15
영통롯데캐슬엘클래스1단지,"경기도 수원시 영통구 망포로47번길 30 (망포동, 영통 롯데캐슬 엘클래스 1단지)",경기도 수원시 영통구 망포동 805,,,20,031-273-8736,031-273-8737,642,2019-03-22,2022-12-12,2025-08-15
영통롯데캐슬엘클래스2단지,"경기도 수원시 영통구 망포로48번길 7 (망포동, 영통 롯데캐슬 엘클래스 2단지)",경기도 수원시 영통구 망포동 810,,,17,031-273-8749,031-273-8750,609,2019-03-22,2022-12-12,2025-08-15
힐스테이트수원테라스,"경기도 수원시 권선구 금호로 285 (서둔동, 힐스테이트 수원 테라스)",경기도 수원시 권선구 서둔동 459,,,4,031-298-9458,031-298-9459,257,2021-01-21,2023-04-27,2025-08-15
매산,"경기도 수원시 팔달구 갓매산로71번길 8 (매산로1가, 매산아파트)",경기도 수원시 팔달구 매산로1가 24-5,37.2697,127.0024,5,,,30,,1978-09-14,2025-08-15
수정연립,"경기도 수원시 장안구 수성로261번길 46-8 (정자동, 수정연립)",경기도 수원시 장안구 정자동 45-6,37.2918,127.0002,2,,,24,,1978-09-16,2025-08-15
태광연립,"경기도 수원시 영통구 매여울로53번길 76-7 (매탄동, 태광빌라)",경기도 수원시 영통구 매탄동 172-8,37.2732,127.0404,2,,,41,,1978-10-10,2025-08-15
동양연립,"경기도 수원시 장안구 팔달로247번길 42 (영화동, 동양연립)",경기도 수원시 장안구 영화동 339-1,37.2901,127.0113,3,,,24,,1978-12-20,2025-08-15
현대연립,"경기도 수원시 권선구 정조로485번길 18-5 (세류동, 현대연립)",경기도 수원시 권선구 세류동 563-4,37.2525,127.01,3,,,47,,1978-12-20,2025-08-15
금성연립,"경기도 수원시 팔달구 세지로 236 (인계동, 금성빌라)",경기도 수원시 팔달구 인계동 819-2,37.2722,127.0242,2,,,44,,1978-12-30,2025-08-15
서호연립," 경기도 수원시 권선구 세화로169번길 45 (서둔동, 서호연립) ",경기도 수원시 권선구 서둔동 39-34,37.2665,126.9907,2,,,30,,1979-02-02,2025-08-15
해창,"경기도 수원시 팔달구 갓매산로86번길 40 (고등동, 해창아파트)",경기도 수원시 팔달구 고등동 94-1,37.2715,127.0023,5,031-256-1288,031-256-1288,190,1978-06-20,1979-05-02,2025-08-15
새마을연립,"경기도 수원시 권선구 벌터로 34-3 (서둔동, 새마을연립)",경기도 수원시 권선구 서둔동 17-44,37.2643,126.9934,3,,,36,1979-06-16,1979-10-24,2025-08-15
공우,"경기도 수원시 권선구 수원천로 2 (세류동, 공우맨션)",경기도 수원시 권선구 세류동 456-8,37.2554,127.0096,5,,,40,,1979-10-25,2025-08-15
여울,"경기도 수원시 팔달구 팔달문로53번길 5 (지동, 여울아파트)",경기도 수원시 팔달구 지동 312-6,37.279,127.0224,5,031-253-8968,,62,,1979-12-01,2025-08-15
삼덕연립,"경기도 수원시 권선구 정조로482번길 37 (세류동, 삼덕연립)",경기도 수원시 권선구 세류동 979-2,37.2519,127.0134,3,,,34,,1980-06-18,2025-08-15
삼전연립,"경기도 수원시 장안구 서부로2126번길 18 (율전동, 삼전연립)",경기도 수원시 장안구 율전동 290-14,37.2979,126.9725,3,,,32,,1980-07-11,2025-08-15
삼원연립,"경기도 수원시 권선구 세권로108번길 91 (세류동, 삼원연립)",경기도 수원시 권선구 세류동 1004-1,37.2538,127.0144,2,,,48,,1980-09-13,2025-08-15
세류연립," 경기도 수원시 권선구 수원천로 37 (세류동, 세류연립) ",경기도 수원시 권선구 세류동 360-7,37.2587,127.0095,3,,,34,,1980-11-12,2025-08-15
공우아파트," 경기도 수원시 장안구 정조로921번길 22 (영화동, 공우아파트)",경기도 수원시 장안구 영화동 334-5,37.2898,127.0118,4,,,44,1979-12-17,1980-11-17,2025-08-15
태양연립,"경기도 수원시 권선구 덕영대로1126번길 26-3 (세류동, 태양연립)",경기도 수원시 권선구 세류동 978,37.2509,127.0135,2,,,50,1980-05-16,1980-12-30,2025-08-15
현대연립,"경기도 수원시 장안구 경수대로853번길 33 (조원동, 현대연립)",경기도 수원시 장안구 조원동 781-16,37.2961,127.0129,5,,,24,,1981-01-14,2025-08-15
심우연립2차,"경기도 수원시 권선구 수원천로 75 (세류동, 심우연립)",경기도 수원시 권선구 세류동 342,37.262,127.0111,3,,,54,,1981-05-20,2025-08-15
심우연립1차,"경기도 수원시 권선구 권선로544번길 27 (세류동, 심우연립)",경기도 수원시 권선구 세류동 343-2,37.2617,127.0106,3,,,24,,1981-06-10,2025-08-15
정자연립,"경기도 수원시 장안구 수성로245번길 40-8 (정자동, 정자연립)",경기도 수원시 장안구 정자동 44-13,37.2912,126.9988,3,,,36,,1981-12-21,2025-08-15
양지,"경기도 수원시 권선구 정조로513번길 24 (세류동, 양지아파트)",경기도 수원시 권선구 세류동 456-10,37.2555,127.0099,5,,,39,,1982-04-21,2025-08-15
송학아파트,"경기도 수원시 장안구 송정로 82 (정자동, 송학 아파트)",경기도 수원시 장안구 정자동 36-23,37.2954,127.0059,6,,,152,1982-01-18,1982-10-21,2025-08-15
경일,"경기도 수원시 권선구 세권로 76 (세류동, 경일아파트)",경기도 수원시 권선구 세류동 526,37.2585,127.0124,5,,,42,1982-06-21,1983-01-13,2025-08-15
삼화연립,"경기도 수원시 권선구 권선로564번길 10 (세류동, 삼화주택)",경기도 수원시 권선구 세류동 485-1,37.2622,127.0127,3,,,36,,1983-11-14,2025-08-15
장미3,"경기도 수원시 권선구 정조로544번길 21 (세류동, 장미아파트)",경기도 수원시 권선구 세류동 530-3,37.257,127.0125,5,,,30,,1983-12-24,2025-08-15
장미1,"경기도 수원시 권선구 정조로536번길 7 (세류동, 장미아파트)",경기도 수원시 권선구 세류동 531,37.2571,127.0119,5,,,80,,1983-12-24,2025-08-15
아주,"경기도 수원시 영통구 동수원로537번길 50 (원천동, 아주아파트)",경기도 수원시 영통구 원천동 71-14,37.275,127.0461,6,031-212-0510,031-211-4137,228,,1983-12-24,2025-08-15
궁전,"경기도 수원시 권선구 서호서로21번길 39 (서둔동, 궁전연립)",경기도 수원시 권선구 서둔동 150-12,37.2703,126.9823,3,,,66,,1984-02-24,2025-08-15
천록,"경기도 수원시 장안구 화산로203번길 24 (율전동, 천록아파트)",경기도 수원시 장안구 율전동 276-3,37.2983,126.9737,5,031-293-0575,031-293-0575,230,1981-03-12,1984-06-05,2025-08-15
청한파크맨션,"경기도 수원시 권선구 수인로135번길 43 (서둔동, 청한파크맨션)",경기도 수원시 권선구 서둔동 213-9,37.2723,126.9827,3,,,222,,1984-08-07,2025-08-15
수정아파트,"경기도 수원시 장안구 장안로54번길 28-4 (영화동, 수정아파트)",경기도 수원시 장안구 영화동 405-3,37.2898,127.0055,5,,,60,,1984-12-21,2025-08-15
경원아파트,"경기도 수원시 장안구 장안로103번길 4 (정자동, 경원아파트)",경기도 수원시 장안구 정자동 41-12,37.2933,127.0009,5,,,48,,1985-03-28,2025-08-15
삼청,"경기도 수원시 장안구 수일로92번길 26 (파장동, 삼청아파트)",경기도 수원시 장안구 파장동 422-2,37.309,126.9999,5,,,40,,1985-06-04,2025-08-15
힐타운빌라,"경기도 수원시 장안구 화산로 243 (율전동, 힐타운)",경기도 수원시 장안구 율전동 303,37.2996,126.9698,3,,,30,,1985-06-14,2025-08-15
보은아파트,수원시 장안구 수성로 275번길 92,경기도 수원시 장안구 정자동 31-3,37.2942,127.0001,9,031-255-3366,,81,1984-08-27,1985-06-28,2025-08-15
칠성,"경기도 수원시 팔달구 화양로38번길 136-4 (화서동, 칠성아파트)",경기도 수원시 팔달구 화서동 84-1,37.2814,127.0036,5,,,39,1980-06-02,1985-09-19,2025-08-15
삼화,"경기도 수원시 팔달구 신풍로 48-11 (신풍동, 삼화아파트)",경기도 수원시 팔달구 신풍동 23,37.2853,127.0148,5,,,21,,1985-09-23,2025-08-15
신흥연립,"경기도 수원시 장안구 장안로41번길 31 (영화동, 신흥빌라)",경기도 수원시 장안구 영화동 423-2,37.2876,127.0036,2,,,25,,1985-10-11,2025-08-15
수정,"경기도 수원시 장안구 수성로275번길 28 (정자동, 수성아파트)",경기도 수원시 장안구 정자동 72-6,37.2917,127.0017,3,,,35,,1985-10-15,2025-08-15
율전아파트,"경기도 수원시 장안구 서부로2106번길 26-130 (율전동, 율전아파트)",경기도 수원시 장안구 율전동 439-8,37.2972,126.9735,5,,,40,,1985-10-23,2025-08-15
장안연립,"경기도 수원시 팔달구 덕영대로757번길 29 (화서동, 장안연립)",경기도 수원시 팔달구 화서동 220-37,37.2805,126.9944,3,,,24,1983-05-04,1985-10-31,2025-08-15
화서맨션,"경기도 수원시 팔달구 화양로 41 (화서동, 화서맨션) ",경기도 수원시 팔달구 화서동 212-1,37.2818,126.9964,5,,,115,1979-03-14,1985-11-01,2025-08-15
목단연립,"경기도 수원시 장안구 수성로261번길 70 (정자동, 목단연립)",경기도 수원시 장안구 정자동 42-7,37.2928,126.9992,2,,,44,,1985-11-16,2025-08-15
경일,"경기도 수원시 팔달구 동말로47번길 76 (화서동, 경일아파트)",경기도 수원시 팔달구 화서동 208,37.2815,126.9976,4,,,32,1983-05-31,1985-11-18,2025-08-15
경원,"경기도 수원시 장안구 영화로 23 (영화동, 경원아파트)",경기도 수원시 장안구 영화동 430-1,37.289,127.0091,5,,,90,,1985-12-03,2025-08-15
심우연립,"경기도 수원시 장안구 창훈로66번길 11-8 (연무동, 심우연립)",경기도 수원시 장안구 연무동 11-5,37.2983,127.0285,4,,,33,,1985-12-03,2025-08-15
웅비,"경기도 수원시 권선구 입북로 65 (입북동, 웅비아파트)",경기도 수원시 권선구 입북동 155,37.2973,126.9581,5,031-291-3045,,183,,1985-12-19,2025-08-15
청수연립,"경기도 수원시 장안구 파장천로58번길 23 (파장동, 청수연립)",경기도 수원시 장안구 파장동 386-1,37.3101,126.9983,2,,,26,,1985-12-27,2025-08-15
화성,경기도 수원시 팔달구 화양로11번길 17 (화서동) ,경기도 수원시 팔달구 화서동 184-1,37.2791,126.9976,2,,,28,,1985-12-31,2025-08-15
효성,"경기도 수원시 장안구 송정로90번길 2 (정자동, 효성아파트)",경기도 수원시 장안구 정자동 11-1,37.2955,127.0069,6,,,64,,1986-01-06,2025-08-15
성신,"경기도 수원시 장안구 정조로978번길 23 (조원동, 성신아파트)",경기도 수원시 장안구 조원동 668-4,37.295,127.0111,5,,,66,,1986-01-20,2025-08-15
장안,"경기도 수원시 장안구 파장천로58번길 77-3 (파장동, 장안아파트)",경기도 수원시 장안구 파장동 422-1,37.3088,127.0007,5,,,60,,1986-01-21,2025-08-15
궁전,"경기도 수원시 장안구 수일로 26 (파장동, 궁전아파트)",경기도 수원시 장안구 파장동 산 150,37.3121,126.9952,5,,,130,,1986-05-13,2025-08-15
삼경노송,"경기도 수원시 권선구 금호로246번길 31 (탑동, 삼경노송빌라)",경기도 수원시 권선구 탑동 3-1,37.2746,126.9778,3,,,90,1985-08-07,1986-05-27,2025-08-15
보은아주,"경기도 수원시 팔달구 월드컵로369번길 13 (우만동, 보은맨션)",경기도 수원시 팔달구 우만동 479-1,37.2897,127.0299,10,031-245-0540,,107,1985-08-14,1986-05-27,2025-08-15
장미5차,"경기도 수원시 장안구 덕영대로417번길 59 (율전동, 장미아파트)",경기도 수원시 장안구 율전동 163-2,37.3032,126.9681,5,,,96,,1986-06-02,2025-08-15
무궁화,"경기도 수원시 팔달구 경수대로553번길 40 (인계동, 무궁화아파트)",경기도 수원시 팔달구 인계동 245-3,37.2752,127.0276,5,,,45,,1986-06-10,2025-08-15
삼원,"경기도 수원시 장안구 광교산로 36 (영화동, 삼원아파트)",경기도 수원시 장안구 영화동 31,37.2943,127.0221,6,,,60,,1986-06-13,2025-08-15
연안,"경기도 수원시 권선구 서둔로 12 (고색동, 연안아파트)",경기도 수원시 권선구 고색동 7-114,37.2531,126.9844,5,031-291-5289, 031-291-5289 ,190,,1986-09-29,2025-08-15
장안아파트,"경기도 수원시 장안구 상률로46번길 17-7 (율전동, 장안아파트)",경기도 수원시 장안구 율전동 109,37.3051,126.971,5,,,155,,1986-10-02,2025-08-15
삼원빌라,"경기도 수원시 권선구 금호로246번길 26 (탑동, 삼원빌라)",경기도 수원시 권선구 탑동 14-1,37.2743,126.9767,3,,,60,1985-10-18,1986-11-17,2025-08-15
황금,"경기도 수원시 장안구 장안로151번길 12-7 (정자동, 황금연립) ",경기도 수원시 장안구 정자동 23-5,37.2967,126.9971,3,,,30,,1987-02-06,2025-08-15
동산연립,"경기도 수원시 장안구 송정로104번길 12 (정자동, 동산연립)",경기도 수원시 장안구 정자동 8-2,37.2947,127.0087,3,,,27,,1987-02-17,2025-08-15
동일빌라,"경기도 수원시 장안구 파장천로66번길 5 (파장동, 동일빌라)",경기도 수원시 장안구 파장동 377,37.3106,126.9979,4,,,24,,1987-02-24,2025-08-15
한일연립,"경기도 수원시 장안구 조원로89번길 43-13 (조원동, 한일맨션)",경기도 수원시 장안구 조원동 769-2,37.2994,127.0147,3,,,30,,1987-03-09,2025-08-15
청도,"경기도 수원시 장안구 율전로64번길 69 (율전동, 청도아파트)",경기도 수원시 장안구 율전동 408-9,37.2965,126.9691,5,,,85,,1987-04-21,2025-08-15
장미6차,"경기도 수원시 장안구 덕영대로417번길 77 (율전동, 장미아파트6차)",경기도 수원시 장안구 율전동 170-74,37.3043,126.9683,5,,,155,1986-08-05,1987-06-02,2025-08-15
반석,"경기도 수원시 장안구 덕영대로417번길 15 (율전동, 반석아파트)",경기도 수원시 장안구 율전동 166-8,37.3017,126.9682,10,,,70,,1987-06-26,2025-08-15
공작,"경기도 수원시 권선구 매곡로 110 (금곡동, 공작아파트)",경기도 수원시 권선구 금곡동 243-1,37.2708,126.9576,5,,,80,1986-08-14,1987-08-25,2025-08-15
경성1단지,"경기도 수원시 장안구 수원천로472번길 8 (연무동, 경성아파트)",경기도 수원시 장안구 연무동 252-9,37.2934,127.0235,5,,,65,,1987-10-22,2025-08-15
경성2단지,"경기도 수원시 장안구 수원천로472번길 20 (연무동, 경성아파트)",경기도 수원시 장안구 연무동 257-4,37.2931,127.0244,5,,,60,,1987-10-22,2025-08-15
대성,"경기도 수원시 장안구 수성로275번길 45 (정자동, 대성아파트)",경기도 수원시 장안구 정자동 45-8,37.2921,127.0008,5,,,40,,1987-11-21,2025-08-15
궁전,"경기도 수원시 권선구 경수대로211번길 18 (세류동, 궁전아파트)",경기도 수원시 권선구 세류동 1152-6,37.2465,127.0163,4,,,96,1987-07-28,1988-04-20,2025-08-15
문영,"경기도 수원시 권선구 장다리로 146 (권선동, 문영아파트)",경기도 수원시 권선구 권선동 944-13,37.2629,127.0236,5,,,34,1987-09-25,1988-05-28,2025-08-15
장미2,"경기도 수원시 권선구 정조로544번길 34 (세류동, 장미아파트)",경기도 수원시 권선구 세류동 532,37.2568,127.0118,5,,,60,,1988-12-24,2025-08-15
청와아파트,"경기도 수원시 영통구 영통로173번길 23-26 (망포동, 청와아파트)",경기도 수원시 영통구 망포동 291-40,37.2422,127.0515,5,031-203-4343,031-203-4340,250,,1988-12-31,2025-08-15
은하,"경기도 수원시 장안구 경수대로994번길 11 (송죽동, 은하아파트)",경기도 수원시 장안구 송죽동 190-2,37.3062,127.003,5,,,50,,1989-01-24,2025-08-15
송죽대성,"경기도 수원시 장안구 경수대로929번길 12-6 (송죽동, 대성아파트)",경기도 수원시 장안구 송죽동 498-3,37.3024,127.007,5,,,80,,1989-02-13,2025-08-15
전원,"경기도 수원시 권선구 세권로166번길 21 (권선동, 전원아파트)",경기도 수원시 권선구 권선동 1059-6,37.255,127.0223,5,,,50,1988-11-05,1989-05-19,2025-08-15
장안,"경기도 수원시 장안구 금당로 86-9 (조원동, 장안아파트)",경기도 수원시 장안구 조원동 459-11,37.3007,127.0195,5,,,90,,1989-06-17,2025-08-15
연무동우,"경기도 수원시 장안구 월드컵로 417-10 (연무동, 동우아파트)",경기도 수원시 장안구 연무동 258-43,37.2925,127.0258,6,,,36,1988-11-28,1989-07-12,2025-08-15
금성3차,"경기도 수원시 권선구 세권로207번길 16 (권선동, 금성아파트)",경기도 수원시 권선구 권선동 1044-1,37.2556,127.0277,5,,,138,1989-02-25,1989-07-13,2025-08-15
성신,"경기도 수원시 영통구 권광로276번길 79 (매탄동, 성신아파트)",경기도 수원시 영통구 매탄동 172-188,37.2734,127.0397,5,,,85,,1989-08-31,2025-08-15
삼익세라믹,"경기도 수원시 팔달구 경수대로680번길 50 (우만동, 삼익아파트) ",경기도 수원시 팔달구 우만동 494,37.2868,127.03,5,,,110,,1989-10-26,2025-08-15
삼우,"경기도 수원시 장안구 정조로1088번길 18-22 (송죽동, 삼우아파트)",경기도 수원시 장안구 송죽동 458-6,37.3021,127.0042,7,,,59,,1989-11-08,2025-08-15
화남1차,"경기도 수원시 장안구 파장로110번길 17 (파장동, 화남아파트) ",경기도 수원시 장안구 파장동 619,37.3095,126.9901,6,031-246-1392,,120,,1989-11-27,2025-08-15
전원,"경기도 수원시 권선구 세지로 21-1 (세류동, 전원아파트)",경기도 수원시 권선구 세류동 1010-1,37.2544,127.0149,5,,,98,,1989-12-20,2025-08-15
우만신미주,"경기도 수원시 팔달구 월드컵로321번길 17 (우만동, 신미주아파트)",경기도 수원시 팔달구 우만동 517-1,37.286,127.0331,6,031-243-8365,,144,,1989-12-28,2025-08-15
신원연립,"경기도 수원시 권선구 정조로475번길 16 (세류동, 신원연립) ",경기도 수원시 권선구 세류동 579-7,37.2515,127.0104,3,,,42,,1990-02-07,2025-08-15
화서수정,"경기도 수원시 팔달구 동말로68번길 15 (화서동, 수정아파트)",경기도 수원시 팔달구 화서동 97-2,37.2782,127.0021,5,,,77,1989-05-29,1990-06-04,2025-08-15
노송,"경기도 수원시 장안구 파장로110번길 12-5 (파장동, 노송아파트)",경기도 수원시 장안구 파장동 618-2,37.309,126.9908,5,,,140,,1990-07-04,2025-08-15
수양,"경기도 수원시 영통구 월드컵로179번길 14-7 (원천동, 수양아파트)",경기도 수원시 영통구 원천동 30-5,37.2781,127.0452,5,,,30,,1990-10-30,2025-08-15
삼호빌라,"경기도 수원시 장안구 경수대로1007번길 13 (송죽동, 삼호빌라)",경기도 수원시 장안구 송죽동 445-13,37.3055,127.001,3,,,48,,1990-12-05,2025-08-15
유천프라자 가동,"경기도 수원시 장안구 창훈로66번길 11-3 (연무동, 유천프라자)",경기도 수원시 장안구 연무동 21,37.2979,127.0284,9,031-251-5554,,66,1990-02-12,1991-01-10,2025-08-15
세흥,"경기도 수원시 영통구 영통로 163-16 (망포동, 세흥아파트)",경기도 수원시 영통구 망포동 298-2,37.2424,127.0537,6,,,96,,1991-02-12,2025-08-15
유천프라자 나동,"경기도 수원시 장안구 창훈로66번길 12 (연무동, 유천빌라)",경기도 수원시 장안구 연무동 21-5,37.2979,127.0291,6,,,34,1990-05-10,1991-03-07,2025-08-15
롯데송림빌라,"경기도 수원시 팔달구 중부대로 173  (우만동, 롯데송림빌라)",경기도 수원시 팔달구 우만동 147,37.2784,127.0355,3,,,18,1990-11-13,1991-10-08,2025-08-15
장미연립,"경기도 수원시 영통구 산남로 74 (매탄동, 장미연립)",경기도 수원시 영통구 매탄동 111-165,37.2699,127.0497,4,,,136,1991-01-04,1991-11-30,2025-08-15
기산,"경기도 수원시 장안구 송정로76번길 45 (정자동, 기산아파트)",경기도 수원시 장안구 정자동 67-1,37.2943,127.0072,12,031-254-1372,,134,1990-09-20,1992-03-31,2025-08-15
파장현대,"경기도 수원시 장안구 파장천로44번길 87 (파장동, 현대아파트)",경기도 수원시 장안구 파장동 622,37.3079,127.0005,6,031-253-3261,031-243-3261,225,1991-05-07,1992-04-30,2025-08-15
영화태영,"경기도 수원시 장안구 영화로25번길 22 (영화동, 태영아파트)",경기도 수원시 장안구 영화동 418,37.289,127.008,10,031-252-8735,031-252-8735,117,1991-08-07,1992-12-26,2025-08-15
효원연립,"경기도 수원시 영통구 인계로 254 (매탄동, 효원아파트)",경기도 수원시 영통구 매탄동 873,37.2638,127.0446,4,,,61,,1993-05-20,2025-08-15
삼호연립,"경기도 수원시 영통구 매탄로 151 (매탄동, 삼호그랜드빌라)",경기도 수원시 영통구 매탄동 883,37.2643,127.0441,4,,,37,,1993-08-27,2025-08-15
동산,"경기도 수원시 권선구 세권로195번길 13 (권선동, 동산아파트)",경기도 수원시 권선구 권선동 1050,37.2558,127.0254,10,,,91,,1993-08-28,2025-08-15
선경아트빌,"경기도 수원시 장안구 정조로1074번길 16 (송죽동, 선경아트빌)",경기도 수원시 장안구 송죽동 461,37.3017,127.005,12,,,68,1992-07-01,1993-12-09,2025-08-15
선우장미연립,"경기도 수원시 영통구 동수원로 491-11 (매탄동, 장미빌라)",경기도 수원시 영통구 매탄동 101-56,37.2718,127.0429,4,,,88,,1994-03-02,2025-08-15
인계 선경2차,"경기도 수원시 팔달구 권광로 318 (인계동, 선경2차아파트)",경기도 수원시 팔달구 인계동 158-30,37.2755,127.0377,10,031-212-7053,031-212-7053,90,1993-04-30,1994-09-03,2025-08-15
연무목화,"경기도 수원시 장안구 창훈로 57-11 (연무동, 목화아파트)",경기도 수원시 장안구 연무동 214,37.2968,127.03,9,031-252-9440,,112,1993-06-02,1994-09-29,2025-08-15
백자,"경기도 수원시 영통구 매영로 110 (매탄동, 백자 아파트)",경기도 수원시 영통구 매탄동 1217-5,37.2668,127.0542,5,,,120,,1994-12-15,2025-08-15
무진,"경기도 수원시 장안구 파장천로26번길 54 (파장동, 무진아파트)",경기도 수원시 장안구 파장동 597-18,37.3065,126.9975,7,,,70,1993-08-10,1994-12-24,2025-08-15
연무익주,"경기도 수원시 장안구 월드컵로 410 (연무동, 익주아파트)",경기도 수원시 장안구 연무동 248-17,37.2927,127.0276,9,,,56,1994-02-21,1995-03-04,2025-08-15
대동하이츠타운,"경기도 수원시 영통구 매영로 69 (매탄동,대동하이츠타운)",경기도 수원시 영통구 매탄동 1216-1,37.2687,127.0499,4,,,87,1994-06-16,1995-04-29,2025-08-15
영광,"경기도 수원시 장안구 만석로 250-9 (송죽동, 영광아파트)",경기도 수원시 장안구 송죽동 86-1,37.308,127.004,17,031-252-5324,,139,1995-03-30,1995-05-17,2025-08-15
인계신미주,"경기도 수원시 팔달구 권광로276번길 45 (인계동, 신미주아파트)",경기도 수원시 팔달구 인계동 375-7,37.2725,127.0378,11,031-216-9751,031-217-9751,113,1993-05-03,1995-05-26,2025-08-15
연무청호,"경기도 수원시 장안구 창훈로20번길 30 (연무동, 청호아파트)",경기도 수원시 장안구 연무동 244-1,37.2941,127.0324,9,031-255-4156,,72,1994-09-16,1995-09-18,2025-08-15
효자마을 삼호,"경기도 수원시 팔달구 세지로314번길 17-19 (지동, 삼호아파트)",경기도 수원시 팔달구 지동 138-24,37.2801,127.0251,10~11,031-257-3890,,89,1994-04-18,1995-11-01,2025-08-15
장안,"경기도 수원시 팔달구 장다리로 269 (인계동, 장안아파트)",경기도 수원시 팔달구 인계동 261-1,37.2736,127.027,18,031-232-3387,,102,1994-07-23,1995-12-06,2025-08-15
파장동진,"경기도 수원시 장안구 수일로 13 (파장동, 동진아파트)",경기도 수원시 장안구 파장동 213-5,37.3114,126.9934,10,031-253-6871,,81,,1995-12-24,2025-08-15
화성,"경기도 수원시 장안구 경수대로878번길 9-6 (조원동, 화성아파트)",경기도 수원시 장안구 조원동 761-5,37.2994,127.0132,12,,,79,,1996-09-25,2025-08-15
우만한효,"경기도 수원시 팔달구 팔달문로139번길 11-4 (우만동, 한효우만타운아파트)",경기도 수원시 팔달구 우만동 526-12,37.2832,127.0307,9,031-248-0184,,42,1994-06-14,1996-11-15,2025-08-15
정자동남,"경기도 수원시 장안구 정자로 158 (정자동, 동남타운)",경기도 수원시 장안구 정자동 390,37.3048,126.9932,11~18,031-246-4484,,126,1995-02-13,1997-03-20,2025-08-15
파장익주,"경기도 수원시 장안구 파장천로 57 (파장동, 익주아파트)",경기도 수원시 장안구 파장동 281,37.3104,126.9964,15,031-246-6087,031-246-6087,81,1995-07-15,1997-06-09,2025-08-15
신우,"경기도 수원시 팔달구 화양로 34 (화서동, 신우아파트)",경기도 수원시 팔달구 화서동 206-8,37.2812,126.9971,8,,,39,,1997-12-15,2025-08-15
보훈복지타운,"경기도 수원시 장안구 수일로336번길 9 (조원동, 보훈복지타운아파트)",경기도 수원시 장안구 조원동 476-9,37.2995,127.0229,12,031-250-1562,031-244-0558,452,1994-09-29,1998-06-29,2025-08-15
영화벽산,"경기도 수원시 장안구 수성로402번길 45-2 (영화동, 벽산아파트) ",경기도 수원시 장안구 영화동 101-7,37.2933,127.0176,17,031-258-0188,031-258-0188,126,1995-11-18,1998-09-02,2025-08-15
성영,수원시 권선구 덕영대로1126번길 17 (세류동),경기도 수원시 권선구 세류동 1138-1,37.2512,127.0142,7,,,39,1999-07-29,2000-06-28,2025-08-15
탑월드,경기도 수원시 권선구 금호로 248 (탑동) ,경기도 수원시 권선구 탑동 5-4,37.2754,126.9774,9,031-295-6820,031-295-6820,97,1995-03-25,2000-12-22,2025-08-15
재왕아파트,"경기도 수원시 영통구 매여울로53번길 31 (매탄동, 제왕아트빌)",경기도 수원시 영통구 매탄동 194-4,37.2722,127.0431,12,031-213-7581,031-212-7703,88,1996-01-24,2003-02-13,2025-08-15
익주,"경기도 수원시 팔달구 팔달로153번길 25-8 (화서동, 익주아파트) ",경기도 수원시 팔달구 화서동 79-30,37.2823,127.004,8,031-248-4832,,48,2001-10-30,2003-03-21,2025-08-15
노블레스아파트,"경기도 수원시 장안구 장안로103번길 37 (정자동, 노블레스아파트) ",경기도 수원시 장안구 정자동 45-2,37.2923,126.9997,8,031-245-2614,,42,2001-07-02,2003-04-01,2025-08-15
연향,"경기도 수원시 팔달구 정조로 687 (매교동, 연향예스빌아파트) ",경기도 수원시 팔달구 매교동 142-1,37.2699,127.0171,15,031-239-2833,031-239-2833,112,2002-03-13,2004-04-20,2025-08-15
인계베스트빌,"경기도 수원시 팔달구 장다리로233번길 4 (인계동, 인계베스트빌아파트) ",경기도 수원시 팔달구 인계동 968-6,37.2709,127.0263,12,,,64,2003-01-27,2004-08-16,2025-08-15
민영 루이스,"경기도 수원시 팔달구 화양로47번길 17-5 (화서동, 민영루이스아파트) ",경기도 수원시 팔달구 화서동 213-27,37.2815,126.9959,11,,,59,2002-11-13,2005-01-28,2025-08-15
맥스빌,"경기도 수원시 장안구 수일로 179 (조원동, 맥스빌아파트) ",경기도 수원시 장안구 조원동 908,37.3076,127.009,15,031-254-2336,,60,2001-03-08,2005-03-23,2025-08-15
스페이스향,"경기도 수원시 장안구 상률로12번길 8 (율전동, 송촌스페이스향) ",경기도 수원시 장안구 율전동 544,37.3076,126.9671,24,031-241-0595,031-241-0596,140,2002-12-11,2005-06-03,2025-08-15
극동아파트,"경기도 수원시 영통구 태장로35번길 64 (망포동, 극동 아파트) ",경기도 수원시 영통구 망포동 704,37.2421,127.05,15,031-202-3080,,134,2003-09-02,2005-07-27,2025-08-15
아이파크,"경기도 수원시 장안구 경수대로 1110-15 (파장동, 북수원아이파크) ",경기도 수원시 장안구 파장동 산 154-4,37.3114,126.9913,15,031-241-0849,031-241-0367,143,2003-07-22,2005-08-24,2025-08-15
래미안클래식,"경기도 수원시 팔달구 수성로232번길 7 (화서동, 래미안아파트) ",경기도 수원시 팔달구 화서동 330-13,37.2888,126.9983,4,031-253-9637,,48,2004-04-26,2005-08-25,2025-08-15
세양청마루,"경기도 수원시 권선구 서둔로239번길 19-9 (탑동, 탑동세양청마루아파트) ",경기도 수원시 권선구 탑동 896,37.2726,126.9782,15,031-227-4591,,124,2003-06-18,2005-12-30,2025-08-15
매탄희성연인,"경기도 수원시 영통구 동수원로514번길 43-11 (매탄동, 희성연인)",경기도 수원시 영통구 매탄동 130-97,37.2723,127.0485,11,,,67,2003-12-24,2006-01-25,2025-08-15
희성연인,"경기도 수원시 권선구 상탑로 121 (서둔동, 희성연인아파트) ",경기도 수원시 권선구 서둔동 374,37.2715,126.9843,14,031-297-4967,,105,2003-06-18,2006-01-27,2025-08-15
정자1차)희성연인,"경기도 수원시 장안구 장안로75번길 62 (정자동, 희성연인아파트) ",경기도 수원시 장안구 정자동 74-7,37.2903,126.9995,13,031-254-6658,031-254-6620,59,2004-06-01,2006-06-29,2025-08-15
망포 휴먼빌,"경기도 수원시 영통구 동탄지성로 500 (망포동, 휴먼빌) ",경기도 수원시 영통구 망포동 716,37.2375,127.0464,15,031-203-5552,,105,2004-04-20,2006-07-14,2025-08-15
아이엘오페라하우스,"경기도 수원시 권선구 서부로1880번길 20 (구운동, 아이엘오페라하우스) ",경기도 수원시 권선구 구운동 972,37.2757,126.9694,18,031-293-2645,031-293-2647,129,,2006-12-27,2025-08-15
동도센트리움,"경기도 수원시 팔달구 팔달문로 183 (우만동, 동도센트리움아파트) ",경기도 수원시 팔달구 우만동 533-1,37.2841,127.0361,15,031-243-6518,031-243-6519,115,2005-09-29,2007-06-19,2025-08-15
신부 눈이부신뷰,"경기도 수원시 장안구 영화로71번길 3 (정자동, 눈e부신아파트)",경기도 수원시 장안구 정자동 80-18,37.2925,127.0065,15,031-252-4567,031-252-4567,98,,2008-03-27,2025-08-15
형우럭스빌,"경기도 수원시 장안구 송원로86번길 49 (조원동, 형우럭스빌아파트) ",경기도 수원시 장안구 조원동 756-5,37.3009,127.0127,10,031-241-8604,031-241-8604,44,2007-02-12,2008-08-27,2025-08-15
참누리울트라(1단지),"경기도 수원시 권선구 서둔로 270-19 (서둔동, 수원울트라참누리아파트1단지) ",경기도 수원시 권선구 서둔동 375,37.2755,126.9793,10~15,031-292-5950,031-292-5951,119,2005-07-04,2009-02-27,2025-08-15
참누리울트라(2단지),"경기도 수원시 권선구 서둔로 270-6 (서둔동, 수원울트라참누리아파트2단지) ",경기도 수원시 권선구 서둔동 377,37.275,126.9793,12~15,031-292-5950,031-292-5951,132,2005-07-04,2009-02-27,2025-08-15
희성연인(2차),"경기도 수원시 장안구 영화로85번길 21 (정자동, 정자2차 희성연인아파트) ",경기도 수원시 장안구 정자동 69-2,37.2933,127.0048,15,031-246-6920,031-241-7003,84,2005-02-07,2009-04-24,2025-08-15
송죽)희성연인,"경기도 수원시 장안구 파장로6번길 20 (송죽동, 송죽동 희성연인아파트) ",경기도 수원시 장안구 송죽동 444-5,37.3042,127.0004,15,031-242-5671,031-242-5672,99,2005-05-16,2009-06-24,2025-08-15
율전 스타힐스1단지,"경기도 수원시 장안구 덕영대로407번길 95 (율전동, 성균관대역 서희스타힐스아파트1단지)",경기도 수원시 장안구 율전동 561,37.3054,126.966,12~14,,,113,2007-09-21,2011-12-15,2025-08-15
율전 스타힐스2단지,"경기도 수원시 장안구 덕영대로407번길 80 (율전동, 성균관대역 서희스타힐스아파트2단지)",경기도 수원시 장안구 율전동 562,37.3049,126.9673,6~12,,,72,2008-04-29,2011-12-15,2025-08-15
인계희성연인,"경기도 수원시 팔달구 중부대로 96-19 (인계동, 인계 희성연인)",경기도 수원시 팔달구 인계동 1168,37.277,127.0281,20,031-233-9043,031-233-9042,140,,2012-05-04,2025-08-15
대광로제비앙,"경기도 수원시 영통구 웰빙타운로 106 (이의동, 광교대광로제비앙) ",경기도 수원시 영통구 이의동 1182,37.3069,127.0418,5,031-214-9901,,145,2009-12-23,2012-06-28,2025-08-15
소망주택,경기도 수원시 장안구 경수대로927번길 20 (송죽동),경기도 수원시 장안구 송죽동 500-33,37.3011,127.0079,01~05,,,48,2012-01-31,2015-03-25,2025-08-15
광교시티아이,경기도 수원시 영통구 대학3로 28 (이의동),경기도 수원시 영통구 이의동 1253,37.3017,127.0415,7,,,80,2012-06-29,2015-04-13,2025-08-15
상훈휴팰리스,"경기도 수원시 장안구 송정로 146 (조원동, 상훈아파트)",경기도 수원시 장안구 조원동 778,37.2968,127.0129,13,031-248-7938,,48,2014-05-28,2015-07-29,2025-08-15
영통동 도시형생활주택,경기도 수원시 영통구 영통로200번길 65 (영통동),경기도 수원시 영통구 영통동 1114,37.2445,127.0604,4,,,41,2015-06-09,2016-04-12,2025-08-15
아미힐,"경기도 수원시 팔달구 권광로276번길 33-25 (인계동, 아미힐)",경기도 수원시 팔달구 인계동 373-2,37.2729,127.0369,10,,,129,2016-11-21,2019-01-21,2025-08-15
수원영통 행복주택,"경기도 수원시 영통구 동탄지성로470번길 34 (망포동, 수원영통 경기행복주택) ",경기도 수원시 영통구 망포동 769,37.2339,127.0479,5,031-273-9850,,100,2017-07-13,2019-06-07,2025-08-15
뜨레모아아파트,경기도 수원시 장안구 송정로118번길7 (조원동),경기도 수원시 장안구 조원동   664-8,37.2956,127.0103,9,,,48,2019-03-13,2021-07-07,2025-08-15
더스테이 세류,"경기도 수원시 권선구 세권로94번길 39 (세류동, 더스테이 세류)",경기도 수원시 권선구 세류동 1015-1,37.2564,127.015,5,,,24,2021-10-22,2022-07-15,2025-08-15
북수원하우스토리,경기도 수원시 장안구 경수대로1044번길 20 (파장동),경기도 수원시 장안구 파장동   430-3,37.3084,126.9993,14,,,135,,2023-03-10,2025-08-15
LH수원당수2단지,경기도 수원시 권선구 당수1로 15,경기도 수원시 권선구 금곡동 861,37.2805,126.9438,20,031-291-1306,,1150,2017-12-27,2024-02-15,2025-08-15
LH수원당수1단지,경기도 수원시 권선구 당수로130번길 13,경기도 수원시 권선구 당수동 388-19,37.2845,126.9459,21,031-502-2514,,1500,2017-12-22,2023-04-28,2025-08-15
북수원자이렉스비아,경기도 수원시 장안구 장안로 271,경기도 수원시 장안구 정자동 530-6,37.3052,126.9899,29,031-8019-9912,,2607,2015-05-19,2024-03-28,2025-08-15
서수원한라비발디3단지,경기도 수원시 권선구 당수로129번길 28,경기도 수원시 권선구 당수동 333,37.2877,126.9407,20,031-502-6800,,400,2019-12-17,2023-05-25,2025-08-15
수원당수라포리엘4단지,경기도 수원시 권선구 당수로129번길 10,경기도 수원시 권선구 당수동 336-1,37.2877,126.9433,20,031-406-0336,,610,2020-06-20,2023-06-16,2025-08-15
수원센트럴아이파크자이,경기도 수원시 권선구 팔달구 인계로 21,경기도 수원시 팔달구 인계동 847-3,37.2716,127.0226,25,031-898-6957,,3432,2015-12-14,2023-07-28,2025-08-15
