apt_id,apt_name,lon,lat
파장삼익_126.9928,파장삼익,126.9928,37.3108
문화맨션_127.0161,문화맨션,127.0161,37.2677
신반포_127.0312,신반포,127.0312,37.2739
우만현대_127.038,우만현대,127.038,37.2803
동신1차_126.9935,동신1차,126.9935,37.3044
원천주공_127.0468,원천주공,127.0468,37.2763
동남_126.9803,동남,126.9803,37.283
성일_126.9788,성일,126.9788,37.2806
동신2차_126.9941,동신2차,126.9941,37.3015
우만주공1단지_127.0389,우만주공1단지,127.0389,37.2823
우만풍림_127.0319,우만풍림,127.0319,37.2873
미영_127.0145,미영,127.0145,37.2475
삼성1차_127.0414,삼성1차,127.0414,37.2656
매탄동남_127.0426,매탄동남,127.0426,37.2673
매탄현대_127.0428,매탄현대,127.0428,37.2688
조원벽산_127.0214,조원벽산,127.0214,37.2969
우만주공2단지_127.0418,우만주공2단지,127.0418,37.2775
삼성2차_127.0434,삼성2차,127.0434,37.2701
매탄성일_127.0433,매탄성일,127.0433,37.2651
정자현대_126.9987,정자현대,126.9987,37.2942
동신3차_126.9952,동신3차,126.9952,37.3006
그린맨션_126.9957,그린맨션,126.9957,37.3049
동진맨션_127.0046,동진맨션,127.0046,37.3012
현대_127.0178,현대,127.0178,37.2605
선경_126.978,선경,126.978,37.2791
임광_127.0383,임광,127.0383,37.2584
강남_126.9761,강남,126.9761,37.282
삼환_126.9788,삼환,126.9788,37.2833
화남2차_126.998,화남2차,126.998,37.3091
정자신미주_126.9981,정자신미주,126.9981,37.2952
화서벽산_127.0038,화서벽산,127.0038,37.2834
한효_127.0248,한효,127.0248,37.2542
우만주공3단지_127.034,우만주공3단지,127.034,37.2926
우만주공4단지_127.0298,우만주공4단지,127.0298,37.2918
동남빌라_127.0446,동남빌라,127.0446,37.2718
원천1차삼성_127.0628,원천1차삼성,127.0628,37.265
원천성일_127.0561,원천성일,127.0561,37.2703
화서영광_126.9936,화서영광,126.9936,37.2791
선경1차_127.037,선경1차,127.037,37.2763
권선삼성_127.0231,권선삼성,127.0231,37.2535
한국2차_127.05,한국2차,127.05,37.2682
신현대_127.0267,신현대,127.0267,37.2509
매탄삼성3차_127.0498,매탄삼성3차,127.0498,37.265
금성_127.0552,금성,127.0552,37.2678
한국1차_127.057,한국1차,127.057,37.2696
두산동아_127.0248,두산동아,127.0248,37.2495
삼천리권선1차_127.0246,삼천리권선1차,127.0246,37.2514
신명_127.0216,신명,127.0216,37.2543
신미주_126.9532,신미주,126.9532,37.2681
권선한양_127.0214,권선한양,127.0214,37.2531
성지_127.0223,성지,127.0223,37.2527
신미주_126.953,신미주,126.953,37.2701
삼익1차_126.9564,삼익1차,126.9564,37.2698
한주_127.0127,한주,127.0127,37.2549
선경_127.0402,선경,127.0402,37.2775
거산_126.9528,거산,126.9528,37.2779
벽산.한성_127.0293,벽산.한성,127.0293,37.2503
우만삼성_127.0433,우만삼성,127.0433,37.2764
삼천리권선2차_127.0384,삼천리권선2차,127.0384,37.2539
신호_126.9897,신호,126.9897,37.3024
벽산_127.0331,벽산,127.0331,37.2507
보성.유원_127.0271,보성.유원,127.0271,37.2494
권선현대_127.0377,권선현대,127.0377,37.2534
신우_127.029,신우,127.029,37.2516
성원_127.0157,성원,127.0157,37.2635
신동아_127.0319,신동아,127.0319,37.249
인계삼성_127.0365,인계삼성,127.0365,37.2725
선경3차_127.0358,선경3차,127.0358,37.2756
"풍림,신안_127.0328","풍림,신안",127.0328,37.2543
원천신미주_127.0676,원천신미주,127.0676,37.2668
금곡강남_126.9536,금곡강남,126.9536,37.2792
삼정_126.944,삼정,126.944,37.2895
화서주공4단지_126.992,화서주공4단지,126.992,37.2845
화서주공3단지_126.9931,화서주공3단지,126.9931,37.2859
화서주공5단지_126.992,화서주공5단지,126.992,37.2845
영화동성_127.0119,영화동성,127.0119,37.2913
삼성미도_126.9923,삼성미도,126.9923,37.3026
호매실GS_126.9585,호매실GS,126.9585,37.2683
천천일성_126.9794,천천일성,126.9794,37.3007
청명주공_127.0799,청명주공,127.0799,37.2589
벽적골주공2단지(8단지2)_127.0626,벽적골주공2단지(8단지2),127.0626,37.2509
벽적골주공1단지(8단지1)_127.0622,벽적골주공1단지(8단지1),127.0622,37.2513
천천현대_126.9785,천천현대,126.9785,37.3027
신일_126.9676,신일,126.9676,37.2994
신명.한국_127.0831,신명.한국,127.0831,37.2674
황골마을주공1단지_127.0785,황골마을주공1단지,127.0785,37.2632
오목천태산_126.9621,오목천태산,126.9621,37.2456
삼성태영_127.0646,삼성태영,127.0646,37.2497
벽산.풍림_127.0831,벽산.풍림,127.0831,37.2666
벽산삼익_127.0744,벽산삼익,127.0744,37.2574
연무신미주_127.0315,연무신미주,127.0315,37.3004
신나무실주공5단지_127.0627,신나무실주공5단지,127.0627,37.2516
두산.우성.한신_127.0585,두산.우성.한신,127.0585,37.2484
한진현대_126.9926,한진현대,126.9926,37.2814
신성.신안.쌍용.진흥_127.0664,신성.신안.쌍용.진흥,127.0664,37.2537
고색1차태산_126.9775,고색1차태산,126.9775,37.2505
신안한일_126.9751,신안한일,126.9751,37.3026
동보.신명_127.0645,동보.신명,127.0645,37.2511
화남_126.9644,화남,126.9644,37.3003
고색2차태산_126.9799,고색2차태산,126.9799,37.2514
"진덕,서광,성지,동아_127.0696","진덕,서광,성지,동아",127.0696,37.2485
대한_126.9786,대한,126.9786,37.2465
쌍용_127.0829,쌍용,127.0829,37.2644
삼호진덕_126.9776,삼호진덕,126.9776,37.3027
매탄우성_127.0381,매탄우성,127.0381,37.2733
현대_127.0717,현대,127.0717,37.2507
늘푸른벽산_126.9668,늘푸른벽산,126.9668,37.2989
삼익3차_126.9549,삼익3차,126.9549,37.2774
삼익2차_126.9578,삼익2차,126.9578,37.2688
동신_127.0759,동신,127.0759,37.2601
대우_127.0759,대우,127.0759,37.2601
쌍용_126.9527,쌍용,126.9527,37.268
대원_126.9847,대원,126.9847,37.2484
율전삼성2단지_126.9687,율전삼성2단지,126.9687,37.2934
율전삼성1단지_126.9693,율전삼성1단지,126.9693,37.2911
삼성_126.9749,삼성,126.9749,37.2746
극동_127.0517,극동,127.0517,37.2694
인정프린스_126.9383,인정프린스,126.9383,37.292
일신건영_126.9551,일신건영,126.9551,37.2705
금곡엘지_126.9377,금곡엘지,126.9377,37.2713
건영1차_127.0771,건영1차,127.0771,37.2558
연무성원_127.0294,연무성원,127.0294,37.2985
황골주공2단지_127.0813,황골주공2단지,127.0813,37.2649
동성_126.956,동성,126.956,37.2709
한일타운_127.0047,한일타운,127.0047,37.3063
삼익_127.0176,삼익,127.0176,37.261
벽산·현대_126.9962,벽산·현대,126.9962,37.2932
원천주공1단지_127.0566,원천주공1단지,127.0566,37.2666
꽃뫼노을마을_장안_126.99,꽃뫼노을마을 장안,126.99,37.2909
백설마을_현대.코오롱_126.9889,백설마을 현대.코오롱,126.9889,37.2967
화서역우방센트럴파크_126.9988,화서역우방센트럴파크,126.9988,37.2897
원천레이크파크_127.0586,원천레이크파크,127.0586,37.2671
꽃뫼노을마을_풍림_126.9877,꽃뫼노을마을 풍림,126.9877,37.2894
극동.풍림_127.0676,극동.풍림,127.0676,37.2503
꽃뫼노을마을_신안_126.9937,꽃뫼노을마을 신안,126.9937,37.2931
성지.동양고속_126.9911,성지.동양고속,126.9911,37.2951
탑동우방파크타운_126.9735,탑동우방파크타운,126.9735,37.2682
성원_126.9757,성원,126.9757,37.2836
꽃뫼버들마을_신동아_126.9866,꽃뫼버들마을 신동아,126.9866,37.2874
코오롱하늘채_126.9751,코오롱하늘채,126.9751,37.2852
연꽃마을_풍림_126.9924,연꽃마을 풍림,126.9924,37.2984
벽적골주공9단지_127.0672,벽적골주공9단지,127.0672,37.2481
백설마을_삼환.나우빌_126.9895,백설마을 삼환.나우빌,126.9895,37.2942
평동동남_127.0001,평동동남,127.0001,37.2622
대한대우_127.0034,대한대우,127.0034,37.2646
신원미주_127.0662,신원미주,127.0662,37.2523
백설마을_효성_126.9907,백설마을 효성,126.9907,37.2936
거산_126.9861,거산,126.9861,37.2479
상우_126.9859,상우,126.9859,37.2535
우남(1차)_127.034,우남(1차),127.034,37.2476
연꽃마을_벽산_126.9953,연꽃마을 벽산,126.9953,37.2981
망포늘푸른벽산_127.0605,망포늘푸른벽산,127.0605,37.2389
건영2차_127.0703,건영2차,127.0703,37.2515
권선대우_127.0388,권선대우,127.0388,37.2485
꽃뫼노을마을_대동_126.9942,꽃뫼노을마을 대동,126.9942,37.292
우남(2차)_127.0367,우남(2차),127.0367,37.2474
두견마을_3차_벽산_126.9956,두견마을 3차 벽산,126.9956,37.295
현대_127.0374,현대,127.0374,37.2494
오목천청구1차_126.9674,오목천청구1차,126.9674,37.2406
꽃뫼노을마을_한마루_126.9887,꽃뫼노을마을 한마루,126.9887,37.2911
삼성_127.0282,삼성,127.0282,37.2353
한솔_127.0267,한솔,127.0267,37.2358
꽃뫼노을마을_한국_126.9918,꽃뫼노을마을 한국,126.9918,37.2922
일월청구_126.9767,일월청구,126.9767,37.2857
대림_127.038,대림,127.038,37.2472
권선3지구_주공1단지_127.0338,권선3지구 주공1단지,127.0338,37.2481
엘지_126.98,엘지,126.98,37.2881
비단마을_영풍마드레빌_126.9833,비단마을 영풍마드레빌,126.9833,37.2981
_CJ_127.0287, CJ,127.0287,37.2767
권선5단지_상록_127.0363,권선5단지 상록,127.0363,37.2499
꽃뫼양지마을_대우_126.9848,꽃뫼양지마을 대우,126.9848,37.2848
청솔마을_한라_126.9844,청솔마을 한라,126.9844,37.2939
백설주공1단지_126.9912,백설주공1단지,126.9912,37.2958
백설주공2단지_126.992,백설주공2단지,126.992,37.2962
매탄권선역_리버파크_127.0402,매탄권선역 리버파크,127.0402,37.2506
권선3단지_상록_127.038,권선3단지 상록,127.038,37.2507
권선3지구_써미트빌_127.0371,권선3지구 써미트빌,127.0371,37.2466
영통삼성래미안_127.08,영통삼성래미안,127.08,37.2545
대월마을_대림진흥_126.9882,대월마을 대림진흥,126.9882,37.3006
비단마을_베스트타운_126.9816,비단마을 베스트타운,126.9816,37.2988
비단마을_신명_126.982,비단마을 신명,126.982,37.3012
조원주공뉴타운1단지_127.0152,조원주공뉴타운1단지,127.0152,37.3045
화서성원상떼빌_127.0049,화서성원상떼빌,127.0049,37.2856
동수원자이1차_127.0529,동수원자이1차,127.0529,37.2363
매탄주공그린빌6단지_127.0423,매탄주공그린빌6단지,127.0423,37.2537
조원주공뉴타운2단지_127.0178,조원주공뉴타운2단지,127.0178,37.3044
매탄주공그린빌1단지_127.0452,매탄주공그린빌1단지,127.0452,37.2614
매탄주공그린빌2단지_127.0479,매탄주공그린빌2단지,127.0479,37.2609
꽃뫼버들마을_진흥_126.9835,꽃뫼버들마을 진흥,126.9835,37.29
청솔마을_SK한화_126.9849,청솔마을 SK한화,126.9849,37.2953
우남퍼스트빌_127.043,우남퍼스트빌,127.043,37.2583
비단마을_현대성우우방_126.9854,비단마을 현대성우우방,126.9854,37.2962
꽃뫼버들마을_코오롱_126.9816,꽃뫼버들마을 코오롱,126.9816,37.2848
영통롯데_127.0622,영통롯데,127.0622,37.2467
꽃뫼버들마을_금강_126.9826,꽃뫼버들마을 금강,126.9826,37.2885
곡반정_현대아이파크_127.0286,곡반정 현대아이파크,127.0286,37.2371
천천삼성래미안_126.9757,천천삼성래미안,126.9757,37.298
동수원쌍용스윗닷홈1차_127.0533,동수원쌍용스윗닷홈1차,127.0533,37.2433
매탄주공그린빌3단지_127.0438,매탄주공그린빌3단지,127.0438,37.257
매탄주공그린빌4단지_127.044,매탄주공그린빌4단지,127.044,37.256
매탄주공그린빌5단지_127.0415,매탄주공그린빌5단지,127.0415,37.255
망포역아이파크_127.0577,망포역아이파크,127.0577,37.2433
꽃뫼양지마을_현대_126.9855,꽃뫼양지마을 현대,126.9855,37.2874
동수원자이2차_127.0532,동수원자이2차,127.0532,37.2396
망포마을_벽산e빌리지_127.0471,망포마을 벽산e빌리지,127.0471,37.2378
청솔마을_주공6단지_126.986,청솔마을 주공6단지,126.986,37.2929
오목천청구2차_126.9619,오목천청구2차,126.9619,37.2439
영통3차_풍림아이원_127.0662,영통3차 풍림아이원,127.0662,37.2448
대월마을_주공_126.9862,대월마을 주공,126.9862,37.3
망포마을_현대2차아이파크_127.052,망포마을 현대2차아이파크,127.052,37.2395
신성미소지움_127.037,신성미소지움,127.037,37.2776
동수원자이3차_127.0558,동수원자이3차,127.0558,37.2372
월드메르디앙_127.0364,월드메르디앙,127.0364,37.2803
동수원쌍용스윗닷홈3차_127.0474,동수원쌍용스윗닷홈3차,127.0474,37.239
동수원쌍용스윗닷홈2차_127.0525,동수원쌍용스윗닷홈2차,127.0525,37.2343
한라비발디2단지_126.9402,한라비발디2단지,126.9402,37.2921
한라비발디1단지_126.9389,한라비발디1단지,126.9389,37.2909
교동풍림아이원_127.0123,교동풍림아이원,127.0123,37.2701
금강에스쁘아_127.0051,금강에스쁘아,127.0051,37.2926
율전벽산블루밍_126.9658,율전벽산블루밍,126.9658,37.3049
밤꽃마을주공아파트_126.9668,밤꽃마을주공아파트,126.9668,37.3069
밤꽃마을뜨란채_126.9689,밤꽃마을뜨란채,126.9689,37.3067
방죽마을_영통뜨란채_127.0658,방죽마을 영통뜨란채,127.0658,37.2432
"서수원쌍용스윗닷홈(1차,2차)_126.937","서수원쌍용스윗닷홈(1차,2차)",126.937,37.2922
우림필유_126.9777,우림필유,126.9777,37.2483
율전이안_126.967,율전이안,126.967,37.2963
상송마을주공_126.9639,상송마을주공,126.9639,37.2404
센트라우스_126.9948,센트라우스,126.9948,37.2671
희훈루체팰리스_127.0046,희훈루체팰리스,127.0046,37.3069
오목천동_푸르지오2단지_126.9685,오목천동 푸르지오2단지,126.9685,37.2436
오목천동_푸르지오1단지_126.967,오목천동 푸르지오1단지,126.967,37.2466
수원로얄팰리스_127.0083,수원로얄팰리스,127.0083,37.2961
현대힐스테이트_127.0419,현대힐스테이트,127.0419,37.2721
경남아너스빌_126.9974,경남아너스빌,126.9974,37.3016
한라녹턴_127.0154,한라녹턴,127.0154,37.2551
영통아이파크_127.0711,영통아이파크,127.0711,37.266
"영통마젤란21(1단지,2단지)_127.0628","영통마젤란21(1단지,2단지)",127.0628,37.2409
"영조아름다운나날(1단지,2단지)_126.9689","영조아름다운나날(1단지,2단지)",126.9689,37.241
정자벽산블루밍_126.9945,정자벽산블루밍,126.9945,37.3054
영통_이-편한세상_127.0675,영통 이-편한세상,127.0675,37.2461
동수원신도브래뉴_127.0368,동수원신도브래뉴,127.0368,37.2784
"남광하우스토리(1차,2차)_126.9654","남광하우스토리(1차,2차)",126.9654,37.2453
정자_케이티_이-편한세상_126.9981,정자 케이티 이-편한세상,126.9981,37.2964
매탄위브하늘채_127.0395,매탄위브하늘채,127.0395,37.2615
대우월드마크_127.0756,대우월드마크,127.0756,37.255
삼정라츠_127.061,삼정라츠,127.061,37.2383
수원시청역SKVIEW_127.026,수원시청역SKVIEW,127.026,37.2579
화서역푸르지오더에듀포레_126.9806,화서역푸르지오더에듀포레,126.9806,37.2912
화서위브하늘채_127.0,화서위브하늘채,127.0,37.2879
수정_127.0306,수정,127.0306,37.2731
서수원자이_126.9597,서수원자이,126.9597,37.2961
인계파밀리에_127.0232,인계파밀리에,127.0232,37.2704
화서블루밍푸른숲_127.0011,화서블루밍푸른숲,127.0011,37.2819
광교산임광그대가_127.0134,광교산임광그대가,127.0134,37.307
인계극동스타클래스_127.0299,인계극동스타클래스,127.0299,37.2733
래미안_노블클래스_127.0353,래미안 노블클래스,127.0353,37.2694
권선데시앙_127.0083,권선데시앙,127.0083,37.2584
수원권선_어울림_127.01,수원권선 어울림,127.01,37.2597
한화꿈에그린파크_127.0346,한화꿈에그린파크,127.0346,37.2598
매탄_e-편한세상_127.0528,매탄 e-편한세상,127.0528,37.2694
kcc스위첸_127.0119,kcc스위첸,127.0119,37.3068
센트럴하이츠_127.0589,센트럴하이츠,127.0589,37.2419
화서역_동문굿모닝힐_126.9951,화서역 동문굿모닝힐,126.9951,37.2846
그대가_프리미어_127.0537,그대가 프리미어,127.0537,37.2447
그대가_센트럴파크_127.0566,그대가 센트럴파크,127.0566,37.2426
서희스타힐스3단지_126.9668,서희스타힐스3단지,126.9668,37.3046
수원호매실휴먼시아4단지_126.9463,수원호매실휴먼시아4단지,126.9463,37.2753
광교한양수자인_127.0484,광교한양수자인,127.0484,37.3043
호매실휴먼시아7단지_126.9426,호매실휴먼시아7단지,126.9426,37.2697
수원호매실휴먼시아8단지_126.9457,수원호매실휴먼시아8단지,126.9457,37.272
권선자이e편한세상_127.0258,권선자이e편한세상,127.0258,37.255
광교호수마을_호반써밋_127.0724,광교호수마을 호반써밋,127.0724,37.2915
광교해모로_127.0524,광교해모로,127.0524,37.3057
광교휴먼시아20단지_127.0676,광교휴먼시아20단지,127.0676,37.276
아이파크시티3단지_127.0255,아이파크시티3단지,127.0255,37.2416
아이파크시티1단지_127.0262,아이파크시티1단지,127.0262,37.2452
호매실역서희스타힐스_126.9392,호매실역서희스타힐스,126.9392,37.2714
광교휴먼시아32단지_127.0655,광교휴먼시아32단지,127.0655,37.2946
호매실휴먼시아16단지_126.955,호매실휴먼시아16단지,126.955,37.2595
호매실경남아너스빌_126.952,호매실경남아너스빌,126.952,37.2601
광교2차_e편한세상_127.0469,광교2차 e편한세상,127.0469,37.3065
호반가든하임_127.0504,호반가든하임,127.0504,37.3057
광교호반베르디움_127.0447,광교호반베르디움,127.0447,37.3066
아이파크시티2단지_127.0298,아이파크시티2단지,127.0298,37.2453
아이파크시티4단지_127.0285,아이파크시티4단지,127.0285,37.2433
래미안광교_127.0604,래미안광교,127.0604,37.2911
오드카운티_127.0586,오드카운티,127.0586,37.2919
장안힐스테이트_126.9844,장안힐스테이트,126.9844,37.3137
호수마을광교상록_127.073,호수마을광교상록,127.073,37.2934
광교레이크파크_한양수자인_127.0723,광교레이크파크 한양수자인,127.0723,37.2811
R타워_127.0421,R타워,127.0421,37.2757
자연앤힐스테이트_127.0493,자연앤힐스테이트,127.0493,37.2893
자연앤자이3단지_127.0543,자연앤자이3단지,127.0543,37.2853
자연앤자이2단지_127.05,자연앤자이2단지,127.05,37.2863
자연앤자이1단지_127.0504,자연앤자이1단지,127.0504,37.2858
e편한세상광교_127.0524,e편한세상광교,127.0524,37.2911
인계푸르지오_127.0352,인계푸르지오,127.0352,37.277
에일린의_뜰_127.0602,에일린의 뜰,127.0602,37.2766
서수원엠코타운르본느_126.9697,서수원엠코타운르본느,126.9697,37.2776
"수원장안STX칸(1단지,2단지)_126.9833","수원장안STX칸(1단지,2단지)",126.9833,37.3144
신일유토빌_127.0296,신일유토빌,127.0296,37.2404
SK_SKY_VIEW_126.9836,SK SKY VIEW,126.9836,37.3094
청명센트레빌_127.0753,청명센트레빌,127.0753,37.2654
내안애애플_127.0369,내안애애플,127.0369,37.2792
광교센트럴타운60단지_127.0579,광교센트럴타운60단지,127.0579,37.2892
광교센트럴타운62단지_127.0625,광교센트럴타운62단지,127.0625,37.2898
래미안_영통마크원_1단지_127.0429,래미안 영통마크원 1단지,127.0429,37.2465
래미안_영통마크원_2단지_127.0464,래미안 영통마크원 2단지,127.0464,37.2478
한양수자인_에듀파크_127.0582,한양수자인 에듀파크,127.0582,37.2411
광교마을40단지_127.0813,광교마을40단지,127.0813,37.2953
광교모아엘가레이크뷰_127.0698,광교모아엘가레이크뷰,127.0698,37.2804
광교호반마을21단지_127.0682,광교호반마을21단지,127.0682,37.2783
서수원_레이크_푸르지오_1단지_126.9542,서수원 레이크 푸르지오 1단지,126.9542,37.2999
서수원_레이크_푸르지오_2단지_126.9522,서수원 레이크 푸르지오 2단지,126.9522,37.2993
포레스트_127.0233,포레스트,127.0233,37.276
광교호반베르디움_127.057,광교호반베르디움,127.057,37.2733
호매실더센트라고_126.9432,호매실더센트라고,126.9432,37.2762
광교에듀타운50단지_127.0524,광교에듀타운50단지,127.0524,37.2838
코스모골드_127.0313,코스모골드,127.0313,37.2771
Y_CITY(와이시티)_126.9394,Y CITY(와이시티),126.9394,37.2691
호매실스위첸_126.9619,호매실스위첸,126.9619,37.2609
화서한신휴플러스_127.0022,화서한신휴플러스,127.0022,37.287
써밋플레이스_광교_127.0505,써밋플레이스 광교,127.0505,37.2916
씨즈더원_127.0258,씨즈더원,127.0258,37.2622
호매실마을13단지_126.9582,호매실마을13단지,126.9582,37.2655
수원역해모로_127.0104,수원역해모로,127.0104,37.2653
LH수원센트럴타운2단지_127.0061,LH수원센트럴타운2단지,127.0061,37.2634
수원역센트럴어반시티_127.0047,수원역센트럴어반시티,127.0047,37.2614
광교역참누리포레스트_127.0384,광교역참누리포레스트,127.0384,37.3029
광교푸르지오월드마크_127.0481,광교푸르지오월드마크,127.0481,37.2926
"수원아이파크시티(5단지,6단지)_127.0257","수원아이파크시티(5단지,6단지)",127.0257,37.2392
호매실능실마을22단지_126.958,호매실능실마을22단지,126.958,37.2585
영통_SK_VIEW_127.0615,영통 SK VIEW,127.0615,37.2418
아이파크시티7단지_127.0194,아이파크시티7단지,127.0194,37.2447
e편한세상_영통2차_1단지_127.064,e편한세상 영통2차 1단지,127.064,37.2396
e편한세상_영통2차_2단지_127.066,e편한세상 영통2차 2단지,127.066,37.2408
오목천서희스타힐스_126.9619,오목천서희스타힐스,126.9619,37.2486
호매실엔루체_126.9607,호매실엔루체,126.9607,37.2579
광교파크자이더테라스_127.0368,광교파크자이더테라스,127.0368,37.3103
e편한세상_TERRACE_광교_West_hill_127.0468,e편한세상 TERRACE 광교 West hill,127.0468,37.3082
e편한세상_TERRACE_광교_East_hill_127.0497,e편한세상 TERRACE 광교 East hill,127.0497,37.3072
호반써밋_수원_126.9532,호반써밋 수원,126.9532,37.2708
호반베르디움_더센트럴_126.9518,호반베르디움 더센트럴,126.9518,37.2697
수원아너스빌위즈_127.0066,수원아너스빌위즈,127.0066,37.2971
광교호반베르디움트라엘_127.0492,광교호반베르디움트라엘,127.0492,37.3033
아이파크시티8단지_127.0301,아이파크시티8단지,127.0301,37.2467
아이파크시티9단지_127.0271,아이파크시티9단지,127.0271,37.2474
영통라온프라이빗_127.0642,영통라온프라이빗,127.0642,37.2447
힐스테이트영통_127.0471,힐스테이트영통,127.0471,37.2416
"수원모아미래도센트럴타운(1단지,2단지)_126.9371","수원모아미래도센트럴타운(1단지,2단지)",126.9371,37.2763
극동스타클래스_126.9458,극동스타클래스,126.9458,37.2706
성균관대역_동문_디_이스트_126.9655,성균관대역 동문 디 이스트,126.9655,37.2972
호매실벨섬시티14단지_126.9581,호매실벨섬시티14단지,126.9581,37.2632
수원권선_꿈에그린_126.9739,수원권선 꿈에그린,126.9739,37.2365
엘에이치호매실스타힐스_126.9614,엘에이치호매실스타힐스,126.9614,37.255
힐스테이트광교_127.0649,힐스테이트광교,127.0649,37.2867
한양수자인파크원_126.9504,한양수자인파크원,126.9504,37.2658
수원광교_행복주택_127.0369,수원광교 행복주택,127.0369,37.2949
광교더샵_127.061,광교더샵,127.061,37.2707
광교아이파크_127.0613,광교아이파크,127.0613,37.2731
힐스테이트_호매실_126.9579,힐스테이트 호매실,126.9579,37.2595
영통아이파크캐슬2단지_127.0415,영통아이파크캐슬2단지,127.0415,37.2418
수원광교_공공실버주택_127.0499,수원광교 공공실버주택,127.0499,37.2797
영통아이파크캐슬1단지_127.0437,영통아이파크캐슬1단지,127.0437,37.2418
인계한양수자인_127.0248,인계한양수자인,127.0248,37.2758
인계리치안_127.0305,인계리치안,127.0305,37.267
광교중흥에스클래스_127.0568,광교중흥에스클래스,127.0568,37.2839
호매실금호어울림에듀포레_126.9521,호매실금호어울림에듀포레,126.9521,37.2587
루체스타_127.0029,루체스타,127.0029,37.2705
광교원천_경기행복주택_127.0502,광교원천 경기행복주택,127.0502,37.2806
수원고등LH2단지(행복주택)_126.9986,수원고등LH2단지(행복주택),126.9986,37.2726
수원역_푸르지오_자이_126.9994,수원역 푸르지오 자이,126.9994,37.2733
수원역푸르지오더스마트_126.9979,수원역푸르지오더스마트,126.9979,37.2734
더샵광교산퍼스트파크_127.0178,더샵광교산퍼스트파크,127.0178,37.299
한일베라체에코플러스_127.0384,한일베라체에코플러스,127.0384,37.277
매교역푸르지오SK뷰_127.0184,매교역푸르지오SK뷰,127.0184,37.2694
힐스테이트푸르지오수원_127.0134,힐스테이트푸르지오수원,127.0134,37.2676
쌍용더플래티넘오목천역_126.964,쌍용더플래티넘오목천역,126.964,37.2424
매산_127.0024,매산,127.0024,37.2697
수정연립_127.0002,수정연립,127.0002,37.2918
태광연립_127.0404,태광연립,127.0404,37.2732
동양연립_127.0113,동양연립,127.0113,37.2901
현대연립_127.01,현대연립,127.01,37.2525
금성연립_127.0242,금성연립,127.0242,37.2722
서호연립_126.9907,서호연립,126.9907,37.2665
해창_127.0023,해창,127.0023,37.2715
새마을연립_126.9934,새마을연립,126.9934,37.2643
공우_127.0096,공우,127.0096,37.2554
여울_127.0224,여울,127.0224,37.279
삼덕연립_127.0134,삼덕연립,127.0134,37.2519
삼전연립_126.9725,삼전연립,126.9725,37.2979
삼원연립_127.0144,삼원연립,127.0144,37.2538
세류연립_127.0095,세류연립,127.0095,37.2587
공우아파트_127.0118,공우아파트,127.0118,37.2898
태양연립_127.0135,태양연립,127.0135,37.2509
현대연립_127.0129,현대연립,127.0129,37.2961
심우연립2차_127.0111,심우연립2차,127.0111,37.262
심우연립1차_127.0106,심우연립1차,127.0106,37.2617
정자연립_126.9988,정자연립,126.9988,37.2912
양지_127.0099,양지,127.0099,37.2555
송학아파트_127.0059,송학아파트,127.0059,37.2954
경일_127.0124,경일,127.0124,37.2585
삼화연립_127.0127,삼화연립,127.0127,37.2622
장미3_127.0125,장미3,127.0125,37.257
장미1_127.0119,장미1,127.0119,37.2571
아주_127.0461,아주,127.0461,37.275
궁전_126.9823,궁전,126.9823,37.2703
천록_126.9737,천록,126.9737,37.2983
청한파크맨션_126.9827,청한파크맨션,126.9827,37.2723
수정아파트_127.0055,수정아파트,127.0055,37.2898
경원아파트_127.0009,경원아파트,127.0009,37.2933
삼청_126.9999,삼청,126.9999,37.309
힐타운빌라_126.9698,힐타운빌라,126.9698,37.2996
보은아파트_127.0001,보은아파트,127.0001,37.2942
칠성_127.0036,칠성,127.0036,37.2814
삼화_127.0148,삼화,127.0148,37.2853
신흥연립_127.0036,신흥연립,127.0036,37.2876
수정_127.0017,수정,127.0017,37.2917
율전아파트_126.9735,율전아파트,126.9735,37.2972
장안연립_126.9944,장안연립,126.9944,37.2805
화서맨션_126.9964,화서맨션,126.9964,37.2818
목단연립_126.9992,목단연립,126.9992,37.2928
경일_126.9976,경일,126.9976,37.2815
경원_127.0091,경원,127.0091,37.289
심우연립_127.0285,심우연립,127.0285,37.2983
웅비_126.9581,웅비,126.9581,37.2973
청수연립_126.9983,청수연립,126.9983,37.3101
화성_126.9976,화성,126.9976,37.2791
효성_127.0069,효성,127.0069,37.2955
성신_127.0111,성신,127.0111,37.295
장안_127.0007,장안,127.0007,37.3088
궁전_126.9952,궁전,126.9952,37.3121
삼경노송_126.9778,삼경노송,126.9778,37.2746
보은아주_127.0299,보은아주,127.0299,37.2897
장미5차_126.9681,장미5차,126.9681,37.3032
무궁화_127.0276,무궁화,127.0276,37.2752
삼원_127.0221,삼원,127.0221,37.2943
연안_126.9844,연안,126.9844,37.2531
장안아파트_126.971,장안아파트,126.971,37.3051
삼원빌라_126.9767,삼원빌라,126.9767,37.2743
황금_126.9971,황금,126.9971,37.2967
동산연립_127.0087,동산연립,127.0087,37.2947
동일빌라_126.9979,동일빌라,126.9979,37.3106
한일연립_127.0147,한일연립,127.0147,37.2994
청도_126.9691,청도,126.9691,37.2965
장미6차_126.9683,장미6차,126.9683,37.3043
반석_126.9682,반석,126.9682,37.3017
공작_126.9576,공작,126.9576,37.2708
경성1단지_127.0235,경성1단지,127.0235,37.2934
경성2단지_127.0244,경성2단지,127.0244,37.2931
대성_127.0008,대성,127.0008,37.2921
궁전_127.0163,궁전,127.0163,37.2465
문영_127.0236,문영,127.0236,37.2629
장미2_127.0118,장미2,127.0118,37.2568
청와아파트_127.0515,청와아파트,127.0515,37.2422
은하_127.003,은하,127.003,37.3062
송죽대성_127.007,송죽대성,127.007,37.3024
전원_127.0223,전원,127.0223,37.255
장안_127.0195,장안,127.0195,37.3007
연무동우_127.0258,연무동우,127.0258,37.2925
금성3차_127.0277,금성3차,127.0277,37.2556
성신_127.0397,성신,127.0397,37.2734
삼익세라믹_127.03,삼익세라믹,127.03,37.2868
삼우_127.0042,삼우,127.0042,37.3021
화남1차_126.9901,화남1차,126.9901,37.3095
전원_127.0149,전원,127.0149,37.2544
우만신미주_127.0331,우만신미주,127.0331,37.286
신원연립_127.0104,신원연립,127.0104,37.2515
화서수정_127.0021,화서수정,127.0021,37.2782
노송_126.9908,노송,126.9908,37.309
수양_127.0452,수양,127.0452,37.2781
삼호빌라_127.001,삼호빌라,127.001,37.3055
유천프라자_가동_127.0284,유천프라자 가동,127.0284,37.2979
세흥_127.0537,세흥,127.0537,37.2424
유천프라자_나동_127.0291,유천프라자 나동,127.0291,37.2979
롯데송림빌라_127.0355,롯데송림빌라,127.0355,37.2784
장미연립_127.0497,장미연립,127.0497,37.2699
기산_127.0072,기산,127.0072,37.2943
파장현대_127.0005,파장현대,127.0005,37.3079
영화태영_127.008,영화태영,127.008,37.289
효원연립_127.0446,효원연립,127.0446,37.2638
삼호연립_127.0441,삼호연립,127.0441,37.2643
동산_127.0254,동산,127.0254,37.2558
선경아트빌_127.005,선경아트빌,127.005,37.3017
선우장미연립_127.0429,선우장미연립,127.0429,37.2718
인계_선경2차_127.0377,인계 선경2차,127.0377,37.2755
연무목화_127.03,연무목화,127.03,37.2968
백자_127.0542,백자,127.0542,37.2668
무진_126.9975,무진,126.9975,37.3065
연무익주_127.0276,연무익주,127.0276,37.2927
대동하이츠타운_127.0499,대동하이츠타운,127.0499,37.2687
영광_127.004,영광,127.004,37.308
인계신미주_127.0378,인계신미주,127.0378,37.2725
연무청호_127.0324,연무청호,127.0324,37.2941
효자마을_삼호_127.0251,효자마을 삼호,127.0251,37.2801
장안_127.027,장안,127.027,37.2736
파장동진_126.9934,파장동진,126.9934,37.3114
화성_127.0132,화성,127.0132,37.2994
우만한효_127.0307,우만한효,127.0307,37.2832
정자동남_126.9932,정자동남,126.9932,37.3048
파장익주_126.9964,파장익주,126.9964,37.3104
신우_126.9971,신우,126.9971,37.2812
보훈복지타운_127.0229,보훈복지타운,127.0229,37.2995
영화벽산_127.0176,영화벽산,127.0176,37.2933
성영_127.0142,성영,127.0142,37.2512
탑월드_126.9774,탑월드,126.9774,37.2754
재왕아파트_127.0431,재왕아파트,127.0431,37.2722
익주_127.004,익주,127.004,37.2823
노블레스아파트_126.9997,노블레스아파트,126.9997,37.2923
연향_127.0171,연향,127.0171,37.2699
인계베스트빌_127.0263,인계베스트빌,127.0263,37.2709
민영_루이스_126.9959,민영 루이스,126.9959,37.2815
맥스빌_127.009,맥스빌,127.009,37.3076
스페이스향_126.9671,스페이스향,126.9671,37.3076
극동아파트_127.05,극동아파트,127.05,37.2421
아이파크_126.9913,아이파크,126.9913,37.3114
래미안클래식_126.9983,래미안클래식,126.9983,37.2888
세양청마루_126.9782,세양청마루,126.9782,37.2726
매탄희성연인_127.0485,매탄희성연인,127.0485,37.2723
희성연인_126.9843,희성연인,126.9843,37.2715
정자1차)희성연인_126.9995,정자1차)희성연인,126.9995,37.2903
망포_휴먼빌_127.0464,망포 휴먼빌,127.0464,37.2375
아이엘오페라하우스_126.9694,아이엘오페라하우스,126.9694,37.2757
동도센트리움_127.0361,동도센트리움,127.0361,37.2841
신부_눈이부신뷰_127.0065,신부 눈이부신뷰,127.0065,37.2925
형우럭스빌_127.0127,형우럭스빌,127.0127,37.3009
참누리울트라(1단지)_126.9793,참누리울트라(1단지),126.9793,37.2755
참누리울트라(2단지)_126.9793,참누리울트라(2단지),126.9793,37.275
희성연인(2차)_127.0048,희성연인(2차),127.0048,37.2933
송죽)희성연인_127.0004,송죽)희성연인,127.0004,37.3042
율전_스타힐스1단지_126.966,율전 스타힐스1단지,126.966,37.3054
율전_스타힐스2단지_126.9673,율전 스타힐스2단지,126.9673,37.3049
인계희성연인_127.0281,인계희성연인,127.0281,37.277
대광로제비앙_127.0418,대광로제비앙,127.0418,37.3069
소망주택_127.0079,소망주택,127.0079,37.3011
광교시티아이_127.0415,광교시티아이,127.0415,37.3017
상훈휴팰리스_127.0129,상훈휴팰리스,127.0129,37.2968
영통동_도시형생활주택_127.0604,영통동 도시형생활주택,127.0604,37.2445
아미힐_127.0369,아미힐,127.0369,37.2729
수원영통_행복주택_127.0479,수원영통 행복주택,127.0479,37.2339
뜨레모아아파트_127.0103,뜨레모아아파트,127.0103,37.2956
더스테이_세류_127.015,더스테이 세류,127.015,37.2564
북수원하우스토리_126.9993,북수원하우스토리,126.9993,37.3084
LH수원당수2단지_126.9438,LH수원당수2단지,126.9438,37.2805
LH수원당수1단지_126.9459,LH수원당수1단지,126.9459,37.2845
북수원자이렉스비아_126.9899,북수원자이렉스비아,126.9899,37.3052
서수원한라비발디3단지_126.9407,서수원한라비발디3단지,126.9407,37.2877
수원당수라포리엘4단지_126.9433,수원당수라포리엘4단지,126.9433,37.2877
수원센트럴아이파크자이_127.0226,수원센트럴아이파크자이,127.0226,37.2716
